customer_id,email,first_name,last_name,country_code,city,postal_code,signup_at,status
C000001,ben.wagner@outlook.com,Ben,Wagner,DE,Munich,80331,2024-06-19T14:04:38,active
C000002,finn.smit@gmail.com,Finn,Smit,NL,Utrecht,3511,2023-07-01T03:00:28,active
C000003,smarino@libero.it,Sofia,Marino,IT,Rome,00118,2023-10-20T03:44:07,active
C000004,paul.schaefer@web.de,Paul,Schäfer,DE,Hamburg,20095,2024-05-22T06:04:02,active
C000005,sem.degroot@gmail.com,Sem,de Groot,NL,Rotterdam,3011,2023-07-17T23:16:56,active
C000006,camille.richard@gmail.com,Camille,Richard,FR,Marseille,13001,2025-10-23T05:49:29,active
C000007,sofia.meier@outlook.com,Sofia,Meier,CH,Zurich,8001,2022-05-18T08:35:32,active
C000008,andrea.rossi@outlook.com,Andrea,Rossi,IT,Turin,10121,2022-11-11T16:22:52,active
C000009,daan.degroot@ziggo.nl,Daan,de Groot,NL,Amsterdam,1012,2024-12-20T13:21:36,active
C000010,jonas.mueller@gmail.com,Jonas,Müller,DE,Hamburg,20095,2023-01-17T18:10:10,active
C000011,emma.becker@gmx.de,Emma,Becker,DE,Berlin,10115,2025-06-07T10:23:51,active
C000012,mia.schmidt@web.de,Mia,Schmidt,DE,Munich,80331,2022-12-20T16:12:21,active
C000013,hugo.gomez@outlook.com,Hugo,Gomez,ES,Valencia,46001,2023-08-18T10:55:15,active
C000014,onilsson@outlook.com,Olivia,Nilsson,SE,Stockholm,11120,2023-02-16T05:03:22,active
C000015,jschmid@gmail.com,Julia,Schmid,AT,Graz,8010,2024-08-15T20:05:05,active
C000016,lena.fischer@gmail.com,Lena,Fischer,AT,Salzburg,5020,2024-04-21T14:54:25,active
C000017,lucas.bernard@orange.fr,Lucas,Bernard,FR,Lyon,69001,2024-08-12T18:50:11,active
C000018,martina.gonzalez@outlook.com,Martina,Gonzalez,ES,Barcelona,08001,2024-10-26T02:01:03,active
C000019,mia.meyer@web.de,Mia,Meyer,DE,Hamburg,20095,2023-04-07T12:35:53,active
C000020,lkeller@outlook.com,Luca,Keller,CH,Basel,4001,2025-02-02T09:59:32,active
C000021,hugo.gomez2814@hotmail.com,Hugo,Gomez,ES,Valencia,46001,2022-12-12T21:32:49,active
C000022,anna.meier@bluewin.ch,Anna,Meier,CH,Zurich,8001,2022-06-16T01:39:18,active
C000023,nschaefer@web.de,Noah,Schäfer,DE,Munich,80331,2025-06-19T23:15:53,active
C000024,sofia.perez@gmail.com,Sofia,Perez,ES,Madrid,28001,2025-11-03T14:47:07,active
C000025,mperez@outlook.com,Martina,Perez,ES,Barcelona,08001,2024-09-18T16:54:35,active
C000026,matteo.romano@gmail.com,Matteo,Romano,IT,Rome,00118,2022-09-25T13:29:27,active
C000027,drusso@gmail.com,Davide,Russo,IT,Rome,00118,2024-07-09T09:01:35,active
C000028,lea.schaefer@web.de,Lea,Schäfer,DE,Munich,80331,2023-05-24T05:48:52,active
C000029,mia.becker@gmx.de,Mia,Becker,DE,Hamburg,20095,2024-08-14T18:09:33,active
C000030,lena.weber@gmail.com,Lena,Weber,AT,Graz,8010,2023-05-09T07:49:59,active
C000031,paul.schmid@gmail.com,Paul,Schmid,AT,Salzburg,5020,2025-10-09T17:08:00,active
C000032,leon.schmid@outlook.com,Leon,Schmid,CH,Geneva,1201,2024-01-20T14:40:55,active
C000033,jmayer@gmx.at,Julia,Mayer,AT,Graz,8010,2025-02-07T10:30:27,active
C000034,lvisser@gmail.com,Lotte,Visser,NL,Utrecht,3511,2025-10-25T22:14:50,active
C000035,matteo.marino@outlook.com,Matteo,Marino,IT,Rome,00118,2022-10-23T07:14:50,active
C000036,sophie.devries@gmail.com,Sophie,de Vries,NL,Amsterdam,1012,2023-11-14T17:14:54,active
C000037,cgonzalez@hotmail.com,Carmen,Gonzalez,ES,Barcelona,08001,2025-06-09T11:35:50,active
C000038,alicja.szymanski@gmail.com,Alicja,Szymanski,PL,Wroclaw,50-001,2024-09-30T20:29:43,active
C000039,lcolombo@outlook.com,Luca,Colombo,IT,Turin,10121,2023-09-23T22:54:38,active
C000040,elias.schaefer@gmx.de,Elias,Schäfer,DE,Berlin,10115,2022-04-16T21:14:43,active
C000041,hmartin@outlook.com,Hugo,Martin,FR,Marseille,13001,2022-08-14T06:56:46,active
C000042,alessia.esposito@libero.it,Alessia,Esposito,IT,Rome,00118,2024-10-24T22:15:47,active
C000043,alice.svensson@outlook.com,Alice,Svensson,SE,Stockholm,11120,2025-02-22T11:50:04,active
C000044,jakub.wisniewski@wp.pl,Jakub,Wisniewski,PL,Krakow,30-001,2024-12-27T12:27:49,active
C000045,maja.gustafsson@outlook.com,Maja,Gustafsson,SE,Gothenburg,41101,2023-01-29T08:58:31,active
C000046,emma.weber@web.de,Emma,Weber,DE,Hamburg,20095,2023-03-01T17:48:14,active
C000047,maja.kowalczyk@outlook.com,Maja,Kowalczyk,PL,Warsaw,00-001,2025-03-20T19:46:37,active
C000048,emma.weber@outlook.com,Emma,Weber,CH,Zurich,8001,2023-08-13T02:52:38,active
C000049,alvaro.rodriguez@hotmail.com,Alvaro,Rodriguez,ES,Madrid,28001,2025-01-08T09:52:17,active
C000050,leo.moreau@orange.fr,Leo,Moreau,FR,Paris,75001,2023-05-12T01:50:53,active
C000051,noah.mueller@gmail.com,Noah,Müller,DE,Berlin,10115,2024-04-26T12:01:32,active
C000052,martina.garcia@yahoo.es,Martina,Garcia,ES,Valencia,46001,2022-11-20T14:48:54,active
C000053,lvisser9416@ziggo.nl,Lucas,Visser,NL,Rotterdam,3011,2023-08-08T23:30:59,active
C000054,lucia.gonzalez@yahoo.es,Lucia,Gonzalez,ES,Barcelona,08001,2022-12-27T01:19:23,active
C000055,alice.eriksson@gmail.com,Alice,Eriksson,SE,Stockholm,11120,2022-01-19T10:51:50,active
C000056,george.williams@outlook.com,George,Williams,UK,Manchester,M1,2025-08-06T19:46:51,active
C000057,sweber@outlook.com,Sofia,Weber,CH,Zurich,8001,2022-08-19T12:02:23,active
C000058,martina.garcia@outlook.com,Martina,Garcia,ES,Valencia,46001,2023-11-22T10:44:29,active
C000059,camille.petit@gmail.com,Camille,Petit,FR,Marseille,13001,2023-11-03T03:09:28,active
C000060,chloe.durand@gmail.com,Chloe,Durand,FR,Lyon,69001,2023-05-24T00:14:55,active
C000061,msmit@ziggo.nl,Mila,Smit,NL,Rotterdam,3011,2025-04-07T20:51:28,active
C000062,marco.rossi@outlook.com,Marco,Rossi,IT,Turin,10121,2022-08-31T16:56:40,active
C000063,sofia.fernandez@outlook.com,Sofia,Fernandez,ES,Valencia,46001,2023-08-28T13:22:54,active
C000064,harry.taylor@yahoo.co.uk,Harry,Taylor,UK,Manchester,M1,2025-05-25T13:36:11,active
C000065,william.nilsson@hotmail.se,William,Nilsson,SE,Malmo,21101,2025-05-05T02:58:50,active
C000066,hugo.diaz@outlook.com,Hugo,Diaz,ES,Madrid,28001,2022-05-07T19:56:21,active
C000067,jwisniewski@gmail.com,Julia,Wisniewski,PL,Krakow,30-001,2024-12-01T16:05:12,active
C000068,alvaro.fernandez@yahoo.es,Alvaro,Fernandez,ES,Valencia,46001,2024-07-01T02:01:32,active
C000069,sophie.mulder@outlook.com,Sophie,Mulder,NL,Rotterdam,3011,2025-10-09T11:13:12,active
C000070,lena.fischer8876@gmail.com,Lena,Fischer,DE,Hamburg,20095,2022-05-30T01:38:56,active
C000071,harry.smith@yahoo.co.uk,Harry,Smith,UK,Manchester,M1,2024-04-17T06:33:10,active
C000072,alessia.ricci@libero.it,Alessia,Ricci,IT,Rome,00118,2024-02-09T02:55:18,active
C000073,emma.huber@gmail.com,Emma,Huber,CH,Zurich,8001,2023-01-01T19:33:39,active
C000074,william.johansson@hotmail.se,William,Johansson,SE,Stockholm,11120,2023-09-04T16:51:26,active
C000075,aesposito@gmail.com,Alessia,Esposito,IT,Milan,20100,2024-08-01T12:36:11,active
C000076,noah.smith@gmail.com,Noah,Smith,UK,Birmingham,B1,2024-05-08T22:23:19,active
C000077,jonas.schmidt@gmail.com,Jonas,Schmidt,DE,Hamburg,20095,2022-03-10T16:15:15,active
C000078,lwagner@gmail.com,Lena,Wagner,DE,Munich,80331,2023-04-25T19:39:07,active
C000079,manon.thomas@orange.fr,Manon,Thomas,FR,Marseille,13001,2025-03-25T11:36:39,active
C000080,lweber@outlook.com,Lea,Weber,CH,Zurich,8001,2025-09-14T18:58:41,active
C000081,sofia.schaefer@gmx.de,Sofia,Schäfer,DE,Hamburg,20095,2022-12-25T22:47:30,active
C000082,felix.steiner@outlook.com,Felix,Steiner,AT,Salzburg,5020,2023-10-15T15:09:28,active
C000083,chiara.ricci@gmail.com,Chiara,Ricci,IT,Milan,20100,2023-04-07T10:56:58,active
C000084,elsa.svensson@outlook.com,Elsa,Svensson,SE,Gothenburg,41101,2024-05-03T20:17:24,active
C000085,noah.meyer@gmail.com,Noah,Meyer,DE,Hamburg,20095,2022-06-11T16:22:34,active
C000086,antoni.nowak@gmail.com,Antoni,Nowak,PL,Krakow,30-001,2024-02-12T22:01:34,active
C000087,leo.leroy@outlook.com,Leo,Leroy,FR,Paris,75001,2024-09-08T07:36:19,active
C000088,lena.fischer@outlook.com,Lena,Fischer,DE,Berlin,10115,2022-08-29T17:26:13,active
C000089,marco.marino@libero.it,Marco,Marino,IT,Rome,00118,2023-08-03T13:51:34,active
C000090,fromano@libero.it,Francesca,Romano,IT,Turin,10121,2024-10-15T16:58:00,active
C000091,sbakker@gmail.com,Sem,Bakker,NL,Rotterdam,3011,2023-10-03T15:04:14,active
C000092,elsa.eriksson@outlook.com,Elsa,Eriksson,SE,Malmo,21101,2025-04-11T21:05:09,active
C000093,lucas.thomas@orange.fr,Lucas,Thomas,FR,Lyon,69001,2025-03-12T08:56:48,active
C000094,george.williams@hotmail.com,George,Williams,UK,Manchester,M1,2025-08-07T17:51:43,active
C000095,sarah.durand@orange.fr,Sarah,Durand,FR,Paris,75001,2025-01-15T23:22:03,active
C000096,lukas.gruber@gmail.com,Lukas,Gruber,AT,Vienna,1010,2024-04-24T05:00:21,active
C000097,sophie.gruber@gmx.at,Sophie,Gruber,AT,Vienna,1010,2024-11-01T16:36:10,active
C000098,dperez@yahoo.es,Diego,Perez,ES,Valencia,46001,2024-09-26T00:34:21,active
C000099,julia.hofer@gmx.at,Julia,Hofer,AT,Salzburg,5020,2023-08-11T00:37:26,active
C000100,mfernandez@hotmail.com,Martina,Fernandez,ES,Madrid,28001,2024-12-09T05:25:16,active
C000101,luca.fischer@gmail.com,Luca,Fischer,CH,Zurich,8001,2024-02-04T14:46:58,active
C000102,oliver.williams@gmail.com,Oliver,Williams,UK,Birmingham,B1,2022-06-15T23:48:06,active
C000103,camille.petit@orange.fr,Camille,Petit,FR,Marseille,13001,2024-09-01T02:02:35,active
C000104,nathan.petit@gmail.com,Nathan,Petit,FR,Marseille,13001,2023-11-10T20:36:07,active
C000105,olivia.brown@gmail.com,Olivia,Brown,UK,London,EC1A,2025-11-18T20:38:09,active
C000106,ipatel@hotmail.com,Isla,Patel,UK,Birmingham,B1,2025-09-09T01:11:52,active
C000107,leon.schmid@gmx.at,Leon,Schmid,AT,Vienna,1010,2024-03-26T02:48:04,active
C000108,lea.hoffmann@gmail.com,Lea,Hoffmann,DE,Munich,80331,2024-02-26T05:05:43,active
C000109,sem.devries@outlook.com,Sem,de Vries,NL,Amsterdam,1012,2024-06-14T08:27:07,active
C000110,diego.diaz@yahoo.es,Diego,Diaz,ES,Barcelona,08001,2023-10-31T01:04:43,active
C000111,sem.mulder@ziggo.nl,Sem,Mulder,NL,Rotterdam,3011,2024-06-03T06:45:45,active
C000112,andrea.bianchi@outlook.com,Andrea,Bianchi,IT,Milan,20100,2022-05-31T02:59:12,active
C000113,msanchez@hotmail.com,Martina,Sanchez,ES,Barcelona,08001,2024-01-09T03:52:45,active
C000114,mila.vandijk@ziggo.nl,Mila,van Dijk,NL,Amsterdam,1012,2022-06-28T06:49:21,active
C000115,oliwia.kowalski@wp.pl,Oliwia,Kowalski,PL,Warsaw,00-001,2022-07-03T12:53:08,active
C000116,jakub.lewandowski@gmail.com,Jakub,Lewandowski,PL,Warsaw,00-001,2023-08-21T15:03:58,active
C000117,olivia.nilsson@gmail.com,Olivia,Nilsson,SE,Malmo,21101,2024-12-03T06:10:27,active
C000118,mrobert@outlook.com,Manon,Robert,FR,Lyon,69001,2022-10-26T02:18:12,active
C000119,davide.russo@outlook.com,Davide,Russo,IT,Rome,00118,2023-05-31T08:58:41,active
C000120,azielinski@outlook.com,Antoni,Zielinski,PL,Warsaw,00-001,2022-10-05T11:05:32,active
C000121,andrea.colombo@libero.it,Andrea,Colombo,IT,Rome,00118,2024-06-20T12:11:14,active
C000122,amelia.williams@outlook.com,Amelia,Williams,UK,Manchester,M1,2025-05-20T07:18:46,active
C000123,george.williams5349@yahoo.co.uk,George,Williams,UK,Birmingham,B1,2025-11-24T23:02:35,active
C000124,andrea.esposito@libero.it,Andrea,Esposito,IT,Turin,10121,2025-01-22T06:33:03,active
C000125,paul.mayer@outlook.com,Paul,Mayer,AT,Graz,8010,2023-08-20T02:31:04,active
C000126,mlopez@yahoo.es,Martina,Lopez,ES,Madrid,28001,2023-06-02T23:58:52,active
C000127,oscar.persson@hotmail.se,Oscar,Persson,SE,Malmo,21101,2024-09-08T21:11:55,active
C000128,emily.patel@gmail.com,Emily,Patel,UK,London,EC1A,2024-01-07T19:32:53,active
C000129,hrichard@orange.fr,Hugo,Richard,FR,Paris,75001,2025-08-18T22:18:24,active
C000130,pmartinez@outlook.com,Paula,Martinez,ES,Barcelona,08001,2022-08-05T00:23:02,active
C000131,lmulder@outlook.com,Lotte,Mulder,NL,Utrecht,3511,2025-11-09T20:56:37,active
C000132,andrea.marino@outlook.com,Andrea,Marino,IT,Milan,20100,2023-12-08T00:53:39,active
C000133,luca.russo@outlook.com,Luca,Russo,IT,Turin,10121,2022-10-18T12:40:56,active
C000134,olivia.persson@hotmail.se,Olivia,Persson,SE,Gothenburg,41101,2024-09-02T03:33:15,active
C000135,daan.visser@ziggo.nl,Daan,Visser,NL,Amsterdam,1012,2022-08-24T00:49:20,active
C000136,cthomas@orange.fr,Chloe,Thomas,FR,Marseille,13001,2022-12-24T20:05:39,active
C000137,desposito@libero.it,Davide,Esposito,IT,Rome,00118,2025-07-13T06:42:56,active
C000138,sophie.degroot@gmail.com,Sophie,de Groot,NL,Amsterdam,1012,2024-07-09T21:33:41,active
C000139,dlopez@outlook.com,Daniel,Lopez,ES,Valencia,46001,2022-05-09T21:01:14,active
C000140,marco.ricci@libero.it,Marco,Ricci,IT,Milan,20100,2023-06-22T17:49:17,active
C000141,alessia.greco@outlook.com,Alessia,Greco,IT,Rome,00118,2025-04-17T04:09:32,active
C000142,sofia.diaz@outlook.com,Sofia,Diaz,ES,Valencia,46001,2022-06-23T04:52:36,active
C000143,mia.meyer@outlook.com,Mia,Meyer,DE,Hamburg,20095,2022-10-17T18:35:54,active
C000144,oliwia.wisniewski@wp.pl,Oliwia,Wisniewski,PL,Krakow,30-001,2025-07-25T19:33:55,active
C000145,apatel@hotmail.com,Amelia,Patel,UK,London,EC1A,2024-09-29T10:30:58,active
C000146,ameier@outlook.com,Anna,Meier,CH,Geneva,1201,2022-01-20T17:38:38,active
C000147,ava.davies@yahoo.co.uk,Ava,Davies,UK,Manchester,M1,2025-11-03T17:54:11,active
C000148,ddegroot@gmail.com,Daan,de Groot,NL,Amsterdam,1012,2023-03-28T10:38:04,active
C000149,julia.zielinski@wp.pl,Julia,Zielinski,PL,Wroclaw,50-001,2024-10-11T20:00:53,active
C000150,sarah.richard@outlook.com,Sarah,Richard,FR,Marseille,13001,2022-03-27T16:04:10,active
C000151,hugo.robert@gmail.com,Hugo,Robert,FR,Paris,75001,2024-07-10T09:34:07,active
C000152,daan.bakker@ziggo.nl,Daan,Bakker,NL,Amsterdam,1012,2025-04-19T12:45:57,active
C000153,martina.diaz@hotmail.com,Martina,Diaz,ES,Madrid,28001,2023-02-28T07:32:04,active
C000154,kacper.szymanski@outlook.com,Kacper,Szymanski,PL,Warsaw,00-001,2023-10-25T10:39:16,active
C000155,ava.jones@outlook.com,Ava,Jones,UK,London,EC1A,2024-04-22T02:09:30,active
C000156,martina.rodriguez@yahoo.es,Martina,Rodriguez,ES,Madrid,28001,2023-10-22T09:00:47,active
C000157,jesse.visser@ziggo.nl,Jesse,Visser,NL,Utrecht,3511,2024-04-28T13:39:34,active
C000158,oscar.olsson@outlook.com,Oscar,Olsson,SE,Malmo,21101,2023-07-24T13:26:14,active
C000159,giulia.russo@outlook.com,Giulia,Russo,IT,Turin,10121,2024-07-27T23:06:49,active
C000160,jonas.fischer@outlook.com,Jonas,Fischer,CH,Zurich,8001,2024-05-29T07:42:47,active
C000161,mia.bauer@outlook.com,Mia,Bauer,CH,Basel,4001,2022-09-25T20:36:45,active
C000162,osmith@outlook.com,Olivia,Smith,UK,London,EC1A,2025-07-06T16:43:58,active
C000163,sophie.meijer@outlook.com,Sophie,Meijer,NL,Amsterdam,1012,2025-11-11T04:48:10,active
C000164,mbernard@orange.fr,Manon,Bernard,FR,Marseille,13001,2024-01-09T09:06:59,active
C000165,amelia.smith@outlook.com,Amelia,Smith,UK,Manchester,M1,2025-07-05T11:07:23,active
C000166,lrusso@libero.it,Luca,Russo,IT,Milan,20100,2023-03-14T17:21:36,active
C000167,paul.mueller@gmx.de,Paul,Müller,DE,Berlin,10115,2025-11-25T12:30:32,active
C000168,alvaro.fernandez@gmail.com,Alvaro,Fernandez,ES,Madrid,28001,2024-02-24T03:15:08,active
C000169,lucas.robert@orange.fr,Lucas,Robert,FR,Paris,75001,2024-02-23T04:50:51,active
C000170,smoreau@outlook.com,Sarah,Moreau,FR,Paris,75001,2025-06-03T23:39:59,active
C000171,martina.sanchez@gmail.com,Martina,Sanchez,ES,Valencia,46001,2025-11-07T16:06:24,active
C000172,amelia.jones@hotmail.com,Amelia,Jones,UK,Birmingham,B1,2024-02-26T12:47:56,active
C000173,william.eriksson@hotmail.se,William,Eriksson,SE,Malmo,21101,2022-06-22T09:02:07,active
C000174,sofia.garcia@outlook.com,Sofia,Garcia,ES,Valencia,46001,2023-09-10T07:28:48,active
C000175,mjohansson@outlook.com,Maja,Johansson,SE,Stockholm,11120,2024-10-10T14:02:58,active
C000176,hgomez@yahoo.es,Hugo,Gomez,ES,Madrid,28001,2024-01-10T11:31:20,active
C000177,sricci@outlook.com,Sofia,Ricci,IT,Milan,20100,2022-02-04T21:23:06,active
C000178,lena.wagner@gmx.de,Lena,Wagner,DE,Hamburg,20095,2023-08-10T22:53:08,active
C000179,alessia.russo@outlook.com,Alessia,Russo,IT,Turin,10121,2025-01-03T19:34:31,active
C000180,louis.leroy@orange.fr,Louis,Leroy,FR,Paris,75001,2022-11-15T19:31:45,active
C000181,hlopez@gmail.com,Hugo,Lopez,ES,Valencia,46001,2024-06-14T08:41:18,active
C000182,noah.davies@outlook.com,Noah,Davies,UK,Birmingham,B1,2025-05-31T02:00:12,active
C000183,chloe.martin@orange.fr,Chloe,Martin,FR,Paris,75001,2024-10-13T12:37:23,active
C000184,ben.schneider@gmail.com,Ben,Schneider,DE,Hamburg,20095,2023-07-05T04:17:53,active
C000185,alessia.bianchi@libero.it,Alessia,Bianchi,IT,Turin,10121,2022-05-11T09:34:25,active
C000186,alvaro.perez@outlook.com,Alvaro,Perez,ES,Valencia,46001,2024-01-08T02:01:06,active
C000187,frusso@libero.it,Francesca,Russo,IT,Turin,10121,2025-10-12T04:11:57,active
C000188,anna.mayer@gmail.com,Anna,Mayer,AT,Vienna,1010,2024-08-24T13:15:07,active
C000189,eleroy@gmail.com,Emma,Leroy,FR,Marseille,13001,2025-09-04T15:16:07,active
C000190,mbianchi@libero.it,Matteo,Bianchi,IT,Milan,20100,2025-03-16T13:34:24,active
C000191,abrown@yahoo.co.uk,Amelia,Brown,UK,Birmingham,B1,2022-04-05T14:35:50,active
C000192,lhuber@gmail.com,Luca,Huber,CH,Zurich,8001,2025-02-06T16:37:46,active
C000193,emma.schaefer@gmx.de,Emma,Schäfer,DE,Berlin,10115,2024-08-08T13:24:30,active
C000194,oliver.patel@gmail.com,Oliver,Patel,UK,London,EC1A,2022-11-05T00:13:55,active
C000195,ben.mueller@web.de,Ben,Müller,DE,Munich,80331,2022-01-03T23:55:54,active
C000196,sarah.thomas@gmail.com,Sarah,Thomas,FR,Lyon,69001,2024-10-04T02:10:50,active
C000197,hugo.garcia@hotmail.com,Hugo,Garcia,ES,Madrid,28001,2024-11-30T15:02:20,active
C000198,daan.degroot@outlook.com,Daan,de Groot,NL,Amsterdam,1012,2024-11-01T04:51:39,active
C000199,lmartin@outlook.com,Leo,Martin,FR,Lyon,69001,2025-09-18T04:45:32,active
C000200,leon.huber2240@bluewin.ch,Leon,Huber,CH,Geneva,1201,2024-07-16T09:54:05,active
C000201,louis.dubois@orange.fr,Louis,Dubois,FR,Lyon,69001,2024-08-12T11:26:00,active
C000202,marco.ricci@gmail.com,Marco,Ricci,IT,Rome,00118,2024-08-06T09:38:55,active
C000203,mmoreau@orange.fr,Manon,Moreau,FR,Paris,75001,2023-03-17T11:56:04,active
C000204,ben.wagner519@gmx.de,Ben,Wagner,DE,Hamburg,20095,2022-04-11T10:52:49,active
C000205,alicja.wojcik@gmail.com,Alicja,Wojcik,PL,Warsaw,00-001,2024-08-04T03:42:37,active
C000206,emma.thomas@orange.fr,Emma,Thomas,FR,Paris,75001,2023-02-10T14:35:05,active
C000207,nwright@gmail.com,Noah,Wright,UK,Birmingham,B1,2023-06-15T02:43:48,active
C000208,pschneider@gmx.de,Paul,Schneider,DE,Berlin,10115,2023-11-11T04:27:39,active
C000209,tsteiner@gmx.at,Tobias,Steiner,AT,Salzburg,5020,2024-03-19T18:03:48,active
C000210,matteo.esposito@gmail.com,Matteo,Esposito,IT,Milan,20100,2023-07-18T10:11:21,active
C000211,tobias.schmid@gmx.at,Tobias,Schmid,AT,Vienna,1010,2025-08-18T10:44:40,active
C000212,dvisser@ziggo.nl,Daan,Visser,NL,Rotterdam,3011,2022-10-09T15:15:49,active
C000213,sofia.mueller@gmx.de,Sofia,Müller,DE,Munich,80331,2024-01-06T17:27:53,active
C000214,amarino@outlook.com,Andrea,Marino,IT,Rome,00118,2024-03-06T09:50:46,active
C000215,zofia.kowalczyk@wp.pl,Zofia,Kowalczyk,PL,Warsaw,00-001,2024-08-24T19:16:33,active
C000216,amelia.jones@gmail.com,Amelia,Jones,UK,London,EC1A,2025-09-07T08:46:48,active
C000217,wgustafsson@hotmail.se,William,Gustafsson,SE,Gothenburg,41101,2023-12-28T06:19:28,active
C000218,matteo.greco@libero.it,Matteo,Greco,IT,Milan,20100,2023-12-22T20:40:03,active
C000219,hpatel@gmail.com,Harry,Patel,UK,Manchester,M1,2022-12-26T17:51:22,active
C000220,noah.mueller@outlook.com,Noah,Müller,DE,Hamburg,20095,2024-09-05T00:01:29,active
C000221,nkarlsson@hotmail.se,Noah,Karlsson,SE,Gothenburg,41101,2022-05-02T00:47:52,active
C000222,noah.patel@yahoo.co.uk,Noah,Patel,UK,Manchester,M1,2022-05-29T13:36:07,active
C000223,jakub.kowalczyk@outlook.com,Jakub,Kowalczyk,PL,Krakow,30-001,2022-10-07T05:44:04,active
C000224,hugo.larsson@gmail.com,Hugo,Larsson,SE,Stockholm,11120,2025-02-24T22:20:40,active
C000225,msanchez@gmail.com,Martina,Sanchez,ES,Barcelona,08001,2025-11-11T10:43:22,active
C000226,jack.johnson@outlook.com,Jack,Johnson,UK,Birmingham,B1,2022-03-08T06:37:45,active
C000227,hperez@hotmail.com,Hugo,Perez,ES,Madrid,28001,2023-11-10T02:49:58,active
C000228,lrichard@orange.fr,Louis,Richard,FR,Lyon,69001,2022-01-24T09:39:21,active
C000229,marie.huber@gmx.at,Marie,Huber,AT,Salzburg,5020,2022-01-03T01:45:10,active
C000230,sofia.colombo@gmail.com,Sofia,Colombo,IT,Rome,00118,2024-02-15T12:47:16,active
C000231,anna.keller@gmail.com,Anna,Keller,CH,Zurich,8001,2024-07-13T02:41:01,active
C000232,bweber@gmx.de,Ben,Weber,DE,Berlin,10115,2022-06-01T12:26:41,active
C000233,louis.leroy@outlook.com,Louis,Leroy,FR,Paris,75001,2023-11-24T21:37:40,active
C000234,pgonzalez@hotmail.com,Paula,Gonzalez,ES,Valencia,46001,2024-06-08T05:43:11,active
C000235,noah.wagner@web.de,Noah,Wagner,DE,Hamburg,20095,2025-02-08T19:39:55,active
C000236,jonas.mueller@outlook.com,Jonas,Müller,DE,Munich,80331,2025-03-16T20:00:45,active
C000237,anna.steiner@gmail.com,Anna,Steiner,AT,Vienna,1010,2023-08-27T22:45:31,active
C000238,hugo.dubois@gmail.com,Hugo,Dubois,FR,Marseille,13001,2023-08-21T02:58:59,active
C000239,lbecker@gmx.de,Lea,Becker,DE,Munich,80331,2025-09-15T09:38:54,active
C000240,camille.richard@outlook.com,Camille,Richard,FR,Paris,75001,2024-07-01T01:37:28,active
C000241,eschaefer@web.de,Emma,Schäfer,DE,Berlin,10115,2022-11-06T03:31:15,active
C000242,ebba.gustafsson@hotmail.se,Ebba,Gustafsson,SE,Stockholm,11120,2025-02-07T02:13:13,active
C000243,chiara.ricci@outlook.com,Chiara,Ricci,IT,Turin,10121,2023-04-28T17:20:24,active
C000244,olivia.patel@outlook.com,Olivia,Patel,UK,Birmingham,B1,2024-11-24T20:48:25,active
C000245,ndubois@outlook.com,Nathan,Dubois,FR,Paris,75001,2023-03-10T07:01:00,active
C000246,camille.thomas@orange.fr,Camille,Thomas,FR,Marseille,13001,2022-10-30T21:39:54,active
C000247,noah.jones@hotmail.com,Noah,Jones,UK,Manchester,M1,2025-02-13T14:28:02,active
C000248,zdabrowski@gmail.com,Zofia,Dabrowski,PL,Wroclaw,50-001,2024-12-06T15:16:37,active
C000249,leo.moreau@outlook.com,Leo,Moreau,FR,Paris,75001,2022-08-05T20:29:12,active
C000250,mia.fischer@bluewin.ch,Mia,Fischer,CH,Geneva,1201,2024-02-24T23:50:24,active
C000251,emma.visser@ziggo.nl,Emma,Visser,NL,Rotterdam,3011,2022-10-22T22:30:34,active
C000252,alessia.romano@outlook.com,Alessia,Romano,IT,Turin,10121,2023-05-02T01:47:40,active
C000253,olivia.wilson@gmail.com,Olivia,Wilson,UK,Manchester,M1,2023-09-29T10:12:25,active
C000254,oliver.taylor@yahoo.co.uk,Oliver,Taylor,UK,Manchester,M1,2024-06-26T11:40:56,active
C000255,hugo.rodriguez@hotmail.com,Hugo,Rodriguez,ES,Barcelona,08001,2023-03-09T14:49:28,active
C000256,jonas.schmid@bluewin.ch,Jonas,Schmid,CH,Zurich,8001,2023-09-30T18:27:06,active
C000257,otaylor@yahoo.co.uk,Olivia,Taylor,UK,London,EC1A,2023-02-16T02:05:53,active
C000258,felix.mayer@gmx.at,Felix,Mayer,AT,Graz,8010,2024-01-25T16:54:06,active
C000259,olivia.brown@yahoo.co.uk,Olivia,Brown,UK,Manchester,M1,2024-09-28T21:37:42,active
C000260,jakub.kaminski@outlook.com,Jakub,Kaminski,PL,Warsaw,00-001,2023-06-14T03:17:27,active
C000261,tobias.mayer@outlook.com,Tobias,Mayer,AT,Vienna,1010,2025-08-18T08:11:45,active
C000262,carmen.garcia@outlook.com,Carmen,Garcia,ES,Valencia,46001,2022-01-19T17:15:40,active
C000263,zofia.wojcik@wp.pl,Zofia,Wojcik,PL,Krakow,30-001,2025-05-30T11:07:17,active
C000264,psanchez@hotmail.com,Paula,Sanchez,ES,Barcelona,08001,2024-07-29T09:10:29,active
C000265,diego.sanchez@hotmail.com,Diego,Sanchez,ES,Valencia,46001,2022-07-29T00:16:03,active
C000266,kacper.dabrowski@outlook.com,Kacper,Dabrowski,PL,Krakow,30-001,2023-09-04T03:56:09,active
C000267,george.williams8485@gmail.com,George,Williams,UK,Manchester,M1,2025-09-05T23:43:09,active
C000268,liam.olsson@hotmail.se,Liam,Olsson,SE,Malmo,21101,2023-10-17T05:05:40,active
C000269,mila.visser@ziggo.nl,Mila,Visser,NL,Rotterdam,3011,2024-04-08T14:08:11,active
C000270,diego.rodriguez@yahoo.es,Diego,Rodriguez,ES,Barcelona,08001,2023-04-01T19:27:55,active
C000271,george.patel@outlook.com,George,Patel,UK,Manchester,M1,2022-12-15T23:56:34,active
C000272,paul.schneider@outlook.com,Paul,Schneider,DE,Hamburg,20095,2023-06-14T20:21:13,active
C000273,george.jones@hotmail.com,George,Jones,UK,London,EC1A,2023-12-29T08:07:52,active
C000274,mromano7719@libero.it,Matteo,Romano,IT,Rome,00118,2025-04-14T10:42:21,active
C000275,kkowalski@wp.pl,Kacper,Kowalski,PL,Krakow,30-001,2023-02-03T18:13:18,active
C000276,francesca.colombo@outlook.com,Francesca,Colombo,IT,Milan,20100,2022-11-05T05:00:04,active
C000277,andrea.ricci@outlook.com,Andrea,Ricci,IT,Milan,20100,2023-10-10T06:33:59,active
C000278,sofia.romano@gmail.com,Sofia,Romano,IT,Turin,10121,2022-04-29T00:10:17,active
C000279,agustafsson@outlook.com,Alice,Gustafsson,SE,Stockholm,11120,2024-09-29T03:12:19,active
C000280,psanchez@outlook.com,Paula,Sanchez,ES,Barcelona,08001,2024-02-25T00:10:11,active
C000281,elsa.larsson@hotmail.se,Elsa,Larsson,SE,Malmo,21101,2023-01-26T00:39:08,active
C000282,william.larsson@hotmail.se,William,Larsson,SE,Gothenburg,41101,2022-09-22T03:44:22,active
C000283,jonas.mueller@web.de,Jonas,Müller,DE,Munich,80331,2023-08-19T16:35:59,active
C000284,esmit@outlook.com,Emma,Smit,NL,Rotterdam,3011,2024-01-06T06:51:37,active
C000285,leon.wagner@gmail.com,Leon,Wagner,AT,Vienna,1010,2022-02-14T21:28:12,active
C000286,giulia.colombo@libero.it,Giulia,Colombo,IT,Turin,10121,2023-06-08T19:28:08,active
C000287,noah.smith@yahoo.co.uk,Noah,Smith,UK,London,EC1A,2025-11-13T04:12:56,active
C000288,manon.durand@orange.fr,Manon,Durand,FR,Marseille,13001,2022-11-10T07:28:54,active
C000289,lena.huber@gmx.at,Lena,Huber,AT,Salzburg,5020,2024-12-01T09:49:46,active
C000290,louis.leroy@gmail.com,Louis,Leroy,FR,Marseille,13001,2025-06-19T04:17:11,active
C000291,jesse.bakker@outlook.com,Jesse,Bakker,NL,Rotterdam,3011,2024-12-07T07:20:33,active
C000292,lena.hoffmann@gmail.com,Lena,Hoffmann,DE,Munich,80331,2023-03-02T17:30:01,active
C000293,lhuber8393@gmx.at,Lukas,Huber,AT,Salzburg,5020,2025-10-02T17:59:23,active
C000294,manon.thomas@gmail.com,Manon,Thomas,FR,Lyon,69001,2023-08-30T09:36:59,active
C000295,lina.weber@gmail.com,Lina,Weber,CH,Geneva,1201,2025-10-18T11:23:07,active
C000296,emartin@outlook.com,Emma,Martin,FR,Paris,75001,2025-09-20T23:33:49,active
C000297,jack.williams@outlook.com,Jack,Williams,UK,Birmingham,B1,2022-07-10T13:34:00,active
C000298,camille.durand@orange.fr,Camille,Durand,FR,Lyon,69001,2024-02-29T17:24:44,active
C000299,amelia.jones@outlook.com,Amelia,Jones,UK,London,EC1A,2025-11-26T02:08:06,active
C000300,ldurand@outlook.com,Leo,Durand,FR,Marseille,13001,2025-10-21T15:57:10,active
C000301,liam.johansson@gmail.com,Liam,Johansson,SE,Malmo,21101,2022-09-25T17:35:18,active
C000302,harry.smith@outlook.com,Harry,Smith,UK,London,EC1A,2023-06-20T23:50:48,active
C000303,gpatel@outlook.com,George,Patel,UK,Birmingham,B1,2025-11-10T22:30:33,active
C000304,tjansen@gmail.com,Tess,Jansen,NL,Utrecht,3511,2025-06-09T01:59:12,active
C000305,finn.deboer@outlook.com,Finn,de Boer,NL,Amsterdam,1012,2022-06-03T17:54:01,active
C000306,olivia.patel1301@yahoo.co.uk,Olivia,Patel,UK,London,EC1A,2025-02-01T23:25:20,active
C000307,nathan.durand@gmail.com,Nathan,Durand,FR,Lyon,69001,2022-09-01T18:06:31,active
C000308,camille.martin@orange.fr,Camille,Martin,FR,Marseille,13001,2025-01-29T00:00:22,active
C000309,isla.patel@hotmail.com,Isla,Patel,UK,Birmingham,B1,2023-02-28T23:49:59,active
C000310,giulia.esposito@libero.it,Giulia,Esposito,IT,Rome,00118,2023-11-11T20:23:40,active
C000311,sdeboer@outlook.com,Sem,de Boer,NL,Amsterdam,1012,2022-07-19T23:59:24,active
C000312,fmarino@gmail.com,Francesca,Marino,IT,Turin,10121,2024-02-05T03:52:15,active
C000313,tvandijk@outlook.com,Tess,van Dijk,NL,Rotterdam,3011,2025-06-05T07:07:59,active
C000314,noah.meyer7391@outlook.com,Noah,Meyer,DE,Berlin,10115,2024-04-28T01:41:34,active
C000315,olivia.patel@yahoo.co.uk,Olivia,Patel,UK,Birmingham,B1,2022-04-10T20:08:32,active
C000316,amelia.wright@hotmail.com,Amelia,Wright,UK,London,EC1A,2022-09-20T03:46:13,active
C000317,tess.meijer@outlook.com,Tess,Meijer,NL,Utrecht,3511,2025-11-19T09:02:17,active
C000318,harry.taylor@hotmail.com,Harry,Taylor,UK,London,EC1A,2024-04-25T21:56:14,active
C000319,jhuber@gmail.com,Jonas,Huber,CH,Basel,4001,2025-02-07T23:01:53,active
C000320,sofia.martinez@outlook.com,Sofia,Martinez,ES,Valencia,46001,2022-09-29T23:40:08,active
C000321,sem.vandijk@ziggo.nl,Sem,van Dijk,NL,Rotterdam,3011,2025-02-25T17:29:23,active
C000322,clopez@yahoo.es,Carmen,Lopez,ES,Barcelona,08001,2022-01-27T19:01:55,active
C000323,emma.thomas@gmail.com,Emma,Thomas,FR,Lyon,69001,2022-11-26T10:26:07,active
C000324,luca.keller@gmail.com,Luca,Keller,CH,Basel,4001,2022-03-08T13:03:33,active
C000325,carmen.rodriguez@hotmail.com,Carmen,Rodriguez,ES,Valencia,46001,2025-08-18T20:26:06,active
C000326,lucia.sanchez@gmail.com,Lucia,Sanchez,ES,Barcelona,08001,2024-05-03T11:23:00,active
C000327,marie.mayer@gmx.at,Marie,Mayer,AT,Salzburg,5020,2024-06-26T08:12:43,active
C000328,pablo.diaz@outlook.com,Pablo,Diaz,ES,Valencia,46001,2025-05-20T07:09:11,active
C000329,mschmidt@gmail.com,Mia,Schmidt,DE,Berlin,10115,2022-12-22T18:42:30,active
C000330,chiara.bianchi@gmail.com,Chiara,Bianchi,IT,Milan,20100,2022-11-26T21:15:44,active
C000331,srossi@libero.it,Sofia,Rossi,IT,Milan,20100,2023-10-23T21:43:54,active
C000332,sperez@hotmail.com,Sofia,Perez,ES,Valencia,46001,2025-01-31T13:02:14,active
C000333,julia.szymanski@wp.pl,Julia,Szymanski,PL,Warsaw,00-001,2024-10-31T05:48:09,active
C000334,matteo.esposito@outlook.com,Matteo,Esposito,IT,Milan,20100,2025-09-20T12:05:00,active
C000335,ehoffmann@web.de,Elias,Hoffmann,DE,Munich,80331,2025-02-23T23:38:25,active
C000336,jesse.degroot@gmail.com,Jesse,de Groot,NL,Amsterdam,1012,2022-03-23T11:41:05,active
C000337,chiara.bianchi@libero.it,Chiara,Bianchi,IT,Milan,20100,2024-11-24T13:39:06,active
C000338,sophie.visser@gmail.com,Sophie,Visser,NL,Utrecht,3511,2023-01-30T11:39:44,active
C000339,sleroy@orange.fr,Sarah,Leroy,FR,Paris,75001,2025-07-07T02:23:01,active
C000340,ebba.andersson@gmail.com,Ebba,Andersson,SE,Stockholm,11120,2025-01-06T15:50:47,active
C000341,ajohansson@gmail.com,Alice,Johansson,SE,Gothenburg,41101,2023-11-11T01:22:45,active
C000342,manon.leroy@outlook.com,Manon,Leroy,FR,Paris,75001,2025-03-23T08:17:17,active
C000343,alessia.colombo@libero.it,Alessia,Colombo,IT,Rome,00118,2022-02-04T14:10:52,active
C000344,tobias.huber@gmail.com,Tobias,Huber,AT,Salzburg,5020,2025-04-14T01:39:25,active
C000345,chiara.russo@outlook.com,Chiara,Russo,IT,Rome,00118,2025-11-05T10:58:18,active
C000346,hugo.olsson@hotmail.se,Hugo,Olsson,SE,Gothenburg,41101,2025-09-15T01:07:19,active
C000347,lea.hoffmann@web.de,Lea,Hoffmann,DE,Munich,80331,2025-07-22T05:14:44,active
C000348,opatel@yahoo.co.uk,Olivia,Patel,UK,Birmingham,B1,2022-10-17T04:29:12,active
C000349,jan.kowalczyk@wp.pl,Jan,Kowalczyk,PL,Warsaw,00-001,2023-12-06T07:42:32,active
C000350,emma.schmid@gmail.com,Emma,Schmid,CH,Zurich,8001,2023-03-29T22:27:36,active
C000351,leo.martin@outlook.com,Leo,Martin,FR,Marseille,13001,2024-08-02T23:28:18,active
C000352,sofia.fernandez@hotmail.com,Sofia,Fernandez,ES,Madrid,28001,2025-04-04T17:44:17,active
C000353,hugo.bernard@outlook.com,Hugo,Bernard,FR,Lyon,69001,2025-06-22T02:32:29,active
C000354,sdegroot@ziggo.nl,Sem,de Groot,NL,Utrecht,3511,2023-09-19T21:16:08,active
C000355,mcolombo@gmail.com,Matteo,Colombo,IT,Milan,20100,2022-01-10T11:24:13,active
C000356,paula.lopez@yahoo.es,Paula,Lopez,ES,Barcelona,08001,2022-10-03T12:04:18,active
C000357,mila.deboer@gmail.com,Mila,de Boer,NL,Utrecht,3511,2022-08-11T06:23:58,active
C000358,ebauer@gmail.com,Emma,Bauer,CH,Zurich,8001,2023-06-24T22:48:52,active
C000359,ava.smith@outlook.com,Ava,Smith,UK,Birmingham,B1,2025-03-31T14:45:01,active
C000360,ava.williams@outlook.com,Ava,Williams,UK,Birmingham,B1,2025-01-10T17:11:19,active
C000361,marco.greco@libero.it,Marco,Greco,IT,Turin,10121,2023-08-19T04:52:28,active
C000362,lucas.leroy@orange.fr,Lucas,Leroy,FR,Paris,75001,2025-09-19T08:41:50,active
C000363,carmen.gonzalez@outlook.com,Carmen,Gonzalez,ES,Barcelona,08001,2022-11-23T06:31:20,active
C000364,hlarsson@outlook.com,Hugo,Larsson,SE,Stockholm,11120,2023-03-25T17:45:16,active
C000365,giulia.esposito@outlook.com,Giulia,Esposito,IT,Turin,10121,2024-01-10T14:07:48,active
C000366,olivia.wilson@hotmail.com,Olivia,Wilson,UK,London,EC1A,2024-12-03T23:04:02,active
C000367,kacper.wisniewski@wp.pl,Kacper,Wisniewski,PL,Krakow,30-001,2025-08-31T13:46:53,active
C000368,noah.patel@hotmail.com,Noah,Patel,UK,Manchester,M1,2024-02-10T08:06:55,active
C000369,mia.meyer@gmail.com,Mia,Meyer,CH,Geneva,1201,2025-05-22T00:14:24,active
C000370,lvandijk@gmail.com,Lucas,van Dijk,NL,Utrecht,3511,2025-08-10T10:13:26,active
C000371,leo.bernard@orange.fr,Leo,Bernard,FR,Marseille,13001,2023-04-17T15:05:44,active
C000372,nathan.durand@outlook.com,Nathan,Durand,FR,Paris,75001,2025-04-24T05:52:14,active
C000373,awagner@gmx.at,Anna,Wagner,AT,Salzburg,5020,2025-04-28T05:51:59,active
C000374,tobias.wagner@gmx.at,Tobias,Wagner,AT,Vienna,1010,2022-12-07T09:24:10,active
C000375,jack.wright@outlook.com,Jack,Wright,UK,Birmingham,B1,2022-02-08T10:19:12,active
C000376,finn.deboer@ziggo.nl,Finn,de Boer,NL,Amsterdam,1012,2023-03-26T14:57:20,active
C000377,esteiner@bluewin.ch,Emma,Steiner,CH,Basel,4001,2024-11-12T09:37:51,active
C000378,davide.greco@gmail.com,Davide,Greco,IT,Turin,10121,2022-05-21T08:22:02,active
C000379,hugo.leroy@orange.fr,Hugo,Leroy,FR,Marseille,13001,2025-11-02T15:17:03,active
C000380,nathan.moreau@gmail.com,Nathan,Moreau,FR,Marseille,13001,2022-03-21T19:20:55,active
C000381,chloe.moreau@outlook.com,Chloe,Moreau,FR,Marseille,13001,2022-01-03T23:38:16,active
C000382,giulia.marino@outlook.com,Giulia,Marino,IT,Rome,00118,2023-04-15T17:33:12,active
C000383,andrea.russo@gmail.com,Andrea,Russo,IT,Rome,00118,2022-10-02T09:16:00,active
C000384,noah.williams@gmail.com,Noah,Williams,UK,Birmingham,B1,2025-01-18T14:52:42,active
C000385,ldiaz@outlook.com,Lucia,Diaz,ES,Valencia,46001,2022-08-30T18:55:26,active
C000386,pablo.sanchez@hotmail.com,Pablo,Sanchez,ES,Barcelona,08001,2022-08-07T05:38:07,active
C000387,sofia.wagner@gmx.de,Sofia,Wagner,DE,Hamburg,20095,2024-01-19T22:16:40,active
C000388,ebba.svensson@hotmail.se,Ebba,Svensson,SE,Malmo,21101,2024-09-15T06:30:25,active
C000389,mila.degroot@ziggo.nl,Mila,de Groot,NL,Rotterdam,3011,2024-03-26T05:01:36,active
C000390,hdurand@outlook.com,Hugo,Durand,FR,Marseille,13001,2022-11-28T03:39:03,active
C000391,ogustafsson@hotmail.se,Olivia,Gustafsson,SE,Malmo,21101,2025-11-02T01:53:42,active
C000392,lwagner@outlook.com,Lukas,Wagner,AT,Graz,8010,2025-05-14T15:51:05,active
C000393,jonas.schaefer@web.de,Jonas,Schäfer,DE,Berlin,10115,2024-02-27T14:35:13,active
C000394,diego.garcia@outlook.com,Diego,Garcia,ES,Madrid,28001,2025-08-04T17:59:57,active
C000395,jonas.weber@bluewin.ch,Jonas,Weber,CH,Zurich,8001,2022-03-10T21:49:39,active
C000396,mmueller@outlook.com,Mia,Müller,DE,Munich,80331,2023-05-05T23:50:54,active
C000397,manon.petit@gmail.com,Manon,Petit,FR,Lyon,69001,2025-10-03T14:23:12,active
C000398,jan.kowalski@outlook.com,Jan,Kowalski,PL,Wroclaw,50-001,2023-08-06T20:21:24,active
C000399,francesca.esposito@libero.it,Francesca,Esposito,IT,Turin,10121,2023-02-03T16:33:26,active
C000400,ssteiner@outlook.com,Sophie,Steiner,AT,Salzburg,5020,2022-08-07T20:20:20,active
C000401,luca.marino@outlook.com,Luca,Marino,IT,Rome,00118,2025-01-06T20:55:52,active
C000402,jack.davies@gmail.com,Jack,Davies,UK,London,EC1A,2023-11-27T16:42:22,active
C000403,mila.vandijk@gmail.com,Mila,van Dijk,NL,Rotterdam,3011,2025-07-21T08:01:25,active
C000404,ebba.larsson@outlook.com,Ebba,Larsson,SE,Malmo,21101,2025-01-02T00:21:14,active
C000405,jonas.wagner@outlook.com,Jonas,Wagner,DE,Hamburg,20095,2023-12-02T02:46:05,active
C000406,sem.bakker@ziggo.nl,Sem,Bakker,NL,Utrecht,3511,2023-07-06T06:39:17,active
C000407,oliver.davies@hotmail.com,Oliver,Davies,UK,Birmingham,B1,2023-02-13T08:33:03,active
C000408,noah.fischer@gmail.com,Noah,Fischer,DE,Hamburg,20095,2023-12-31T05:40:46,active
C000409,harry.wright@hotmail.com,Harry,Wright,UK,London,EC1A,2025-01-13T01:32:19,active
C000410,alvaro.diaz@hotmail.com,Alvaro,Diaz,ES,Barcelona,08001,2024-10-02T06:39:29,active
C000411,andrea.ferrari@libero.it,Andrea,Ferrari,IT,Milan,20100,2024-12-12T15:24:26,active
C000412,felix.steiner@gmx.at,Felix,Steiner,AT,Salzburg,5020,2022-12-24T16:38:45,active
C000413,jakub.nowak@gmail.com,Jakub,Nowak,PL,Warsaw,00-001,2025-10-12T07:40:23,active
C000414,abianchi@outlook.com,Andrea,Bianchi,IT,Milan,20100,2025-01-28T09:34:12,active
C000415,gwilson@hotmail.com,George,Wilson,UK,London,EC1A,2024-10-18T15:26:07,active
C000416,abianchi@libero.it,Alessia,Bianchi,IT,Rome,00118,2023-01-04T20:48:15,active
C000417,hugo.lopez@outlook.com,Hugo,Lopez,ES,Madrid,28001,2025-02-11T15:44:11,active
C000418,chloe.durand@orange.fr,Chloe,Durand,FR,Paris,75001,2022-12-28T15:20:49,active
C000419,sem.deboer@gmail.com,Sem,de Boer,NL,Rotterdam,3011,2023-05-29T20:28:00,active
C000420,sofia.rossi@gmail.com,Sofia,Rossi,IT,Milan,20100,2023-06-05T17:21:00,active
C000421,sem.visser@outlook.com,Sem,Visser,NL,Rotterdam,3011,2024-01-08T20:24:06,active
C000422,arusso@libero.it,Alessia,Russo,IT,Rome,00118,2025-10-23T22:02:54,active
C000423,carmen.gonzalez@yahoo.es,Carmen,Gonzalez,ES,Barcelona,08001,2023-12-29T11:50:10,active
C000424,hugo.andersson@gmail.com,Hugo,Andersson,SE,Gothenburg,41101,2025-06-10T10:25:55,active
C000425,mia.fischer@gmail.com,Mia,Fischer,CH,Basel,4001,2025-06-08T20:48:45,active
C000426,lucas.thomas@outlook.com,Lucas,Thomas,FR,Lyon,69001,2023-10-11T23:46:31,active
C000427,plopez6792@gmail.com,Paula,Lopez,ES,Barcelona,08001,2024-01-14T21:22:08,active
C000428,hrobert@gmail.com,Hugo,Robert,FR,Marseille,13001,2022-06-13T07:40:00,active
C000429,nathan.leroy@gmail.com,Nathan,Leroy,FR,Paris,75001,2022-02-23T14:27:17,active
C000430,leo.dubois@gmail.com,Leo,Dubois,FR,Paris,75001,2025-09-03T14:11:37,active
C000431,hkarlsson@hotmail.se,Hugo,Karlsson,SE,Stockholm,11120,2024-12-14T06:12:41,active
C000432,matteo.ricci@gmail.com,Matteo,Ricci,IT,Rome,00118,2025-01-12T09:55:05,active
C000433,ava.taylor@yahoo.co.uk,Ava,Taylor,UK,Birmingham,B1,2025-05-08T16:37:20,active
C000434,akowalczyk@gmail.com,Alicja,Kowalczyk,PL,Krakow,30-001,2024-09-13T19:38:55,active
C000435,smeijer@ziggo.nl,Sem,Meijer,NL,Rotterdam,3011,2022-11-15T11:03:09,active
C000436,ehuber@outlook.com,Emma,Huber,CH,Geneva,1201,2024-08-18T19:28:56,active
C000437,harry.williams@gmail.com,Harry,Williams,UK,London,EC1A,2024-05-31T10:39:53,active
C000438,alewandowski@wp.pl,Antoni,Lewandowski,PL,Wroclaw,50-001,2024-06-14T14:22:20,active
C000439,ebba.olsson@gmail.com,Ebba,Olsson,SE,Stockholm,11120,2023-06-23T02:53:02,active
C000440,jesse.visser@outlook.com,Jesse,Visser,NL,Rotterdam,3011,2025-08-21T19:22:02,active
C000441,louis.dubois7428@orange.fr,Louis,Dubois,FR,Paris,75001,2023-08-17T04:01:04,active
C000442,sdevries@gmail.com,Sem,de Vries,NL,Amsterdam,1012,2022-04-12T19:28:39,active
C000443,mbecker@gmail.com,Mia,Becker,DE,Hamburg,20095,2022-01-17T08:28:34,active
C000444,sem.meijer@gmail.com,Sem,Meijer,NL,Rotterdam,3011,2024-10-17T13:31:19,active
C000445,sofia.rossi3158@outlook.com,Sofia,Rossi,IT,Rome,00118,2024-03-14T02:35:56,active
C000446,lina.mueller@outlook.com,Lina,Mueller,CH,Basel,4001,2023-05-25T14:00:36,active
C000447,lena.fischer7756@web.de,Lena,Fischer,DE,Munich,80331,2022-07-12T18:58:26,active
C000448,asmith@yahoo.co.uk,Amelia,Smith,UK,Birmingham,B1,2025-01-30T18:57:58,active
C000449,daniel.martinez@outlook.com,Daniel,Martinez,ES,Madrid,28001,2025-09-27T07:55:45,active
C000450,pgarcia@outlook.com,Pablo,Garcia,ES,Madrid,28001,2023-07-20T21:17:17,active
C000451,aschmid@gmail.com,Anna,Schmid,AT,Salzburg,5020,2024-08-31T21:42:26,active
C000452,paul.schmidt@gmail.com,Paul,Schmidt,DE,Hamburg,20095,2025-06-20T12:19:17,active
C000453,sweber@gmx.at,Sophie,Weber,AT,Vienna,1010,2022-09-15T17:45:42,active
C000454,noah.persson@outlook.com,Noah,Persson,SE,Malmo,21101,2023-01-31T00:46:38,active
C000455,maja.johansson@hotmail.se,Maja,Johansson,SE,Gothenburg,41101,2024-06-15T20:21:12,active
C000456,jesse.jansen@outlook.com,Jesse,Jansen,NL,Utrecht,3511,2023-12-14T11:47:05,active
C000457,abauer@outlook.com,Anna,Bauer,CH,Zurich,8001,2022-05-22T19:20:17,active
C000458,jonas.huber@bluewin.ch,Jonas,Huber,CH,Geneva,1201,2022-01-02T23:13:47,active
C000459,emma.moreau@gmail.com,Emma,Moreau,FR,Lyon,69001,2025-06-24T08:41:38,active
C000460,carmen.sanchez@outlook.com,Carmen,Sanchez,ES,Madrid,28001,2024-12-09T18:06:54,active
C000461,psanchez@gmail.com,Pablo,Sanchez,ES,Valencia,46001,2023-10-22T04:01:18,active
C000462,sophie.wagner@gmail.com,Sophie,Wagner,AT,Vienna,1010,2023-02-18T03:53:51,active
C000463,lena.fischer3626@gmail.com,Lena,Fischer,AT,Salzburg,5020,2025-07-01T21:29:31,active
C000464,lfischer@gmx.at,Leon,Fischer,AT,Vienna,1010,2024-08-16T23:15:44,active
C000465,ebba.larsson@gmail.com,Ebba,Larsson,SE,Malmo,21101,2022-04-30T22:27:42,active
C000466,mandersson@gmail.com,Maja,Andersson,SE,Stockholm,11120,2024-11-29T03:32:09,active
C000467,antoni.wojcik@gmail.com,Antoni,Wojcik,PL,Wroclaw,50-001,2025-09-07T09:03:25,active
C000468,alicja.lewandowski@wp.pl,Alicja,Lewandowski,PL,Wroclaw,50-001,2022-08-05T23:15:05,active
C000469,tess.vandijk@outlook.com,Tess,van Dijk,NL,Amsterdam,1012,2023-01-05T20:01:25,active
C000470,carmen.diaz@hotmail.com,Carmen,Diaz,ES,Barcelona,08001,2023-12-23T11:28:27,active
C000471,lfischer@bluewin.ch,Leon,Fischer,CH,Basel,4001,2023-10-25T22:09:05,active
C000472,sofia.weber@gmail.com,Sofia,Weber,DE,Munich,80331,2024-07-15T16:17:34,active
C000473,maja.gustafsson117@gmail.com,Maja,Gustafsson,SE,Stockholm,11120,2024-11-26T04:55:05,active
C000474,ben.mueller@outlook.com,Ben,Müller,DE,Hamburg,20095,2023-07-20T20:09:29,active
C000475,nathan.richard@orange.fr,Nathan,Richard,FR,Paris,75001,2022-10-11T09:38:52,active
C000476,emma.weber1274@gmx.de,Emma,Weber,DE,Berlin,10115,2025-03-14T14:33:22,active
C000477,lbernard@orange.fr,Leo,Bernard,FR,Marseille,13001,2025-08-08T10:56:13,active
C000478,giulia.romano@gmail.com,Giulia,Romano,IT,Rome,00118,2024-06-08T15:09:54,active
C000479,lea.steiner@outlook.com,Lea,Steiner,CH,Zurich,8001,2025-07-22T23:01:02,active
C000480,jakub.szymanski@gmail.com,Jakub,Szymanski,PL,Wroclaw,50-001,2022-11-03T11:53:58,active
C000481,cdurand@outlook.com,Camille,Durand,FR,Marseille,13001,2025-03-24T18:22:35,active
C000482,lea.schneider@gmail.com,Lea,Schneider,DE,Berlin,10115,2023-11-20T03:00:19,active
C000483,maja.kowalski@gmail.com,Maja,Kowalski,PL,Krakow,30-001,2024-10-24T15:49:09,active
C000484,hugo.svensson@gmail.com,Hugo,Svensson,SE,Stockholm,11120,2024-09-26T14:23:35,active
C000485,alicja.wojcik@outlook.com,Alicja,Wojcik,PL,Warsaw,00-001,2022-05-27T09:41:38,active
C000486,diego.fernandez@hotmail.com,Diego,Fernandez,ES,Madrid,28001,2025-10-07T15:03:29,active
C000487,bschaefer@web.de,Ben,Schäfer,DE,Hamburg,20095,2022-02-19T11:05:53,active
C000488,alvaro.diaz@outlook.com,Alvaro,Diaz,ES,Madrid,28001,2024-06-21T01:38:02,active
C000489,ben.schneider@outlook.com,Ben,Schneider,DE,Hamburg,20095,2022-06-25T04:05:28,active
C000490,amelia.williams@yahoo.co.uk,Amelia,Williams,UK,London,EC1A,2023-12-05T04:03:05,active
C000491,leon.weber@outlook.com,Leon,Weber,AT,Vienna,1010,2023-02-22T19:53:40,active
C000492,kwisniewski8641@gmail.com,Kacper,Wisniewski,PL,Wroclaw,50-001,2025-09-30T00:40:10,active
C000493,leon.schmid@gmail.com,Leon,Schmid,AT,Graz,8010,2022-04-19T16:55:43,active
C000494,marie.bauer@gmx.at,Marie,Bauer,AT,Vienna,1010,2022-02-09T10:38:57,active
C000495,alessia.marino@libero.it,Alessia,Marino,IT,Turin,10121,2022-07-23T11:29:07,active
C000496,julia.wojcik@gmail.com,Julia,Wojcik,PL,Wroclaw,50-001,2024-07-26T20:24:50,active
C000497,julia.hofer@gmail.com,Julia,Hofer,AT,Graz,8010,2024-09-30T14:19:23,active
C000498,matteo.romano@libero.it,Matteo,Romano,IT,Turin,10121,2023-09-12T08:35:59,active
C000499,lena.weber@outlook.com,Lena,Weber,DE,Munich,80331,2022-03-02T20:12:17,active
C000500,camille.dubois@orange.fr,Camille,Dubois,FR,Paris,75001,2024-02-22T18:57:31,active
C000501,lea.fischer@outlook.com,Lea,Fischer,CH,Zurich,8001,2025-03-19T05:33:41,active
C000502,george.davies@outlook.com,George,Davies,UK,Birmingham,B1,2022-09-27T07:31:40,active
C000503,luca.bauer@bluewin.ch,Luca,Bauer,CH,Zurich,8001,2024-05-30T05:17:05,active
C000504,gjones@outlook.com,George,Jones,UK,Birmingham,B1,2024-12-27T04:18:37,active
C000505,noah.olsson@hotmail.se,Noah,Olsson,SE,Gothenburg,41101,2023-09-14T16:07:45,active
C000506,itaylor@hotmail.com,Isla,Taylor,UK,London,EC1A,2022-08-07T04:47:21,active
C000507,diego.rodriguez@hotmail.com,Diego,Rodriguez,ES,Valencia,46001,2023-04-21T08:24:26,active
C000508,nathan.dubois@outlook.com,Nathan,Dubois,FR,Marseille,13001,2025-05-23T17:04:01,active
C000509,cdurand@gmail.com,Camille,Durand,FR,Lyon,69001,2022-10-09T05:57:47,active
C000510,giulia.bianchi@gmail.com,Giulia,Bianchi,IT,Rome,00118,2023-04-01T07:23:05,active
C000511,nathan.moreau7015@gmail.com,Nathan,Moreau,FR,Lyon,69001,2025-11-09T11:49:44,active
C000512,paula.martinez@gmail.com,Paula,Martinez,ES,Barcelona,08001,2025-06-06T20:49:24,active
C000513,szymon.zielinski@wp.pl,Szymon,Zielinski,PL,Warsaw,00-001,2023-05-19T18:53:07,active
C000514,lena.weber4999@outlook.com,Lena,Weber,AT,Salzburg,5020,2022-04-11T06:54:44,active
C000515,tess.visser@outlook.com,Tess,Visser,NL,Utrecht,3511,2022-04-22T18:49:20,active
C000516,smueller@bluewin.ch,Sofia,Mueller,CH,Basel,4001,2024-10-22T04:07:13,active
C000517,ava.taylor@outlook.com,Ava,Taylor,UK,Manchester,M1,2024-04-26T11:46:36,active
C000518,lucas.deboer@ziggo.nl,Lucas,de Boer,NL,Amsterdam,1012,2023-05-28T11:47:57,active
C000519,oscar.andersson@hotmail.se,Oscar,Andersson,SE,Stockholm,11120,2024-07-09T23:05:09,active
C000520,carmen.diaz@outlook.com,Carmen,Diaz,ES,Madrid,28001,2024-02-15T20:02:14,active
C000521,jack.taylor@gmail.com,Jack,Taylor,UK,London,EC1A,2022-10-24T06:30:44,active
C000522,fricci@gmail.com,Francesca,Ricci,IT,Rome,00118,2025-07-06T06:34:44,active
C000523,olivia.wright@yahoo.co.uk,Olivia,Wright,UK,Manchester,M1,2022-01-26T16:41:55,active
C000524,zofia.dabrowski@outlook.com,Zofia,Dabrowski,PL,Krakow,30-001,2023-05-03T07:53:46,active
C000525,fvandijk@ziggo.nl,Finn,van Dijk,NL,Utrecht,3511,2025-05-14T00:14:21,active
C000526,sfischer@web.de,Sofia,Fischer,DE,Berlin,10115,2023-01-14T05:23:52,active
C000527,anna.schmid@gmail.com,Anna,Schmid,AT,Salzburg,5020,2023-09-04T12:03:19,active
C000528,chloe.dubois@orange.fr,Chloe,Dubois,FR,Marseille,13001,2023-08-06T22:14:56,active
C000529,alicja.wisniewski@gmail.com,Alicja,Wisniewski,PL,Krakow,30-001,2025-03-31T13:06:50,active
C000530,noah.larsson@gmail.com,Noah,Larsson,SE,Gothenburg,41101,2022-05-19T15:33:30,active
C000531,mia.schmidt@outlook.com,Mia,Schmidt,DE,Hamburg,20095,2023-07-17T11:59:10,active
C000532,diego.garcia@gmail.com,Diego,Garcia,ES,Madrid,28001,2025-03-16T22:54:01,active
C000533,jesse.visser5807@ziggo.nl,Jesse,Visser,NL,Rotterdam,3011,2025-05-31T11:31:22,active
C000534,azielinski3181@gmail.com,Alicja,Zielinski,PL,Krakow,30-001,2023-01-04T22:11:16,active
C000535,dbakker@outlook.com,Daan,Bakker,NL,Utrecht,3511,2024-04-29T15:04:29,active
C000536,antoni.nowak5052@wp.pl,Antoni,Nowak,PL,Wroclaw,50-001,2023-02-17T10:15:13,active
C000537,giulia.russo@libero.it,Giulia,Russo,IT,Turin,10121,2023-11-14T12:25:42,active
C000538,lucia.gonzalez7784@outlook.com,Lucia,Gonzalez,ES,Madrid,28001,2023-11-08T12:18:14,active
C000539,finn.mulder@gmail.com,Finn,Mulder,NL,Rotterdam,3011,2024-08-05T15:04:17,active
C000540,luca.steiner@gmail.com,Luca,Steiner,CH,Basel,4001,2025-10-20T11:29:13,active
C000541,ben.meyer@web.de,Ben,Meyer,DE,Berlin,10115,2022-11-02T10:12:40,active
C000542,ataylor@gmail.com,Ava,Taylor,UK,Birmingham,B1,2025-05-25T14:11:01,active
C000543,luca.huber@outlook.com,Luca,Huber,CH,Basel,4001,2022-03-06T09:53:05,active
C000544,mia.meyer6141@gmail.com,Mia,Meyer,CH,Geneva,1201,2023-03-19T19:07:05,active
C000545,hpatel@hotmail.com,Harry,Patel,UK,London,EC1A,2024-09-15T18:12:23,active
C000546,ava.williams3371@yahoo.co.uk,Ava,Williams,UK,Manchester,M1,2022-10-21T03:34:38,active
C000547,chiara.russo@libero.it,Chiara,Russo,IT,Milan,20100,2023-09-29T01:36:11,active
C000548,mia.meyer@bluewin.ch,Mia,Meyer,CH,Zurich,8001,2022-07-31T18:57:13,active
C000549,andrea.bianchi4542@outlook.com,Andrea,Bianchi,IT,Turin,10121,2023-03-06T11:40:58,active
C000550,sgonzalez@gmail.com,Sofia,Gonzalez,ES,Madrid,28001,2023-07-15T04:10:02,active
C000551,ben.hoffmann@web.de,Ben,Hoffmann,DE,Munich,80331,2023-07-10T05:09:14,active
C000552,julia.kowalski@gmail.com,Julia,Kowalski,PL,Krakow,30-001,2025-06-09T12:19:59,active
C000553,nmartin@outlook.com,Nathan,Martin,FR,Paris,75001,2024-02-25T01:57:31,active
C000554,leo.moreau5454@orange.fr,Leo,Moreau,FR,Marseille,13001,2025-11-14T16:13:56,active
C000555,oandersson@hotmail.se,Olivia,Andersson,SE,Gothenburg,41101,2025-03-08T04:47:54,active
C000556,finn.visser@gmail.com,Finn,Visser,NL,Utrecht,3511,2025-08-12T16:56:40,active
C000557,leo.robert@orange.fr,Leo,Robert,FR,Lyon,69001,2024-03-13T06:40:32,active
C000558,matteo.ricci@outlook.com,Matteo,Ricci,IT,Rome,00118,2022-03-03T02:22:47,active
C000559,evisser@gmail.com,Emma,Visser,NL,Rotterdam,3011,2025-05-22T20:55:24,active
C000560,luca.romano@libero.it,Luca,Romano,IT,Turin,10121,2025-08-23T02:34:56,active
C000561,jesse.meijer@outlook.com,Jesse,Meijer,NL,Amsterdam,1012,2025-06-25T08:52:21,active
C000562,matteo.esposito9303@libero.it,Matteo,Esposito,IT,Turin,10121,2025-04-25T15:41:51,active
C000563,mfernandez@yahoo.es,Martina,Fernandez,ES,Valencia,46001,2025-03-21T17:43:03,active
C000564,lricci@gmail.com,Luca,Ricci,IT,Milan,20100,2023-09-23T14:46:28,active
C000565,diego.sanchez@gmail.com,Diego,Sanchez,ES,Barcelona,08001,2024-10-09T23:29:00,active
C000566,mia.schaefer@gmx.de,Mia,Schäfer,DE,Hamburg,20095,2022-01-01T05:20:31,active
C000567,odabrowski@outlook.com,Oliwia,Dabrowski,PL,Wroclaw,50-001,2024-07-04T07:07:26,active
C000568,emma.wagner@gmx.de,Emma,Wagner,DE,Hamburg,20095,2023-12-07T03:15:03,active
C000569,lmeier@bluewin.ch,Luca,Meier,CH,Geneva,1201,2025-01-29T01:56:03,active
C000570,mia.mueller@bluewin.ch,Mia,Mueller,CH,Geneva,1201,2022-03-05T08:33:53,active
C000571,matteo.colombo@libero.it,Matteo,Colombo,IT,Rome,00118,2024-02-21T15:50:41,active
C000572,chloe.thomas@gmail.com,Chloe,Thomas,FR,Marseille,13001,2024-02-27T13:07:03,active
C000573,mschneider@gmx.de,Mia,Schneider,DE,Berlin,10115,2022-05-27T23:36:25,active
C000574,martina.fernandez@yahoo.es,Martina,Fernandez,ES,Madrid,28001,2025-08-08T15:08:27,active
C000575,alvaro.gomez@outlook.com,Alvaro,Gomez,ES,Barcelona,08001,2025-02-04T16:23:08,active
C000576,leo.martin6741@orange.fr,Leo,Martin,FR,Marseille,13001,2024-10-17T08:37:11,active
C000577,giulia.greco@libero.it,Giulia,Greco,IT,Rome,00118,2024-01-25T04:07:12,active
C000578,sarah.robert@orange.fr,Sarah,Robert,FR,Lyon,69001,2024-11-24T02:50:54,active
C000579,nathan.bernard@outlook.com,Nathan,Bernard,FR,Marseille,13001,2025-07-21T19:37:53,active
C000580,pablo.gomez@yahoo.es,Pablo,Gomez,ES,Madrid,28001,2024-08-18T16:31:51,active
C000581,jlewandowski@wp.pl,Jakub,Lewandowski,PL,Krakow,30-001,2023-08-27T10:31:47,active
C000582,isla.wright@outlook.com,Isla,Wright,UK,Manchester,M1,2022-05-06T22:54:43,active
C000583,mdabrowski@wp.pl,Maja,Dabrowski,PL,Warsaw,00-001,2023-08-11T17:38:58,active
C000584,manon.robert@outlook.com,Manon,Robert,FR,Paris,75001,2025-06-15T10:13:47,active
C000585,lukas.schmid@outlook.com,Lukas,Schmid,AT,Vienna,1010,2025-04-26T05:30:09,active
C000586,maja.nilsson@outlook.com,Maja,Nilsson,SE,Gothenburg,41101,2023-01-06T19:12:05,active
C000587,amelia.wright@outlook.com,Amelia,Wright,UK,London,EC1A,2024-10-12T15:02:05,active
C000588,martina.rodriguez@gmail.com,Martina,Rodriguez,ES,Valencia,46001,2023-12-08T01:58:40,active
C000589,paul.steiner@gmx.at,Paul,Steiner,AT,Graz,8010,2023-09-10T17:20:25,active
C000590,lea.becker@gmail.com,Lea,Becker,DE,Munich,80331,2022-10-25T19:18:46,active
C000591,paul.wagner@gmail.com,Paul,Wagner,DE,Hamburg,20095,2023-10-09T19:18:21,active
C000592,sarah.richard4439@gmail.com,Sarah,Richard,FR,Lyon,69001,2025-06-04T23:44:27,active
C000593,elias.wagner@outlook.com,Elias,Wagner,DE,Munich,80331,2025-10-14T08:48:12,active
C000594,julia.kaminski@gmail.com,Julia,Kaminski,PL,Wroclaw,50-001,2022-01-22T00:18:30,active
C000595,crusso@outlook.com,Chiara,Russo,IT,Turin,10121,2024-07-02T12:47:53,active
C000596,lena.mueller@outlook.com,Lena,Müller,DE,Hamburg,20095,2022-07-08T02:04:15,active
C000597,noah.jones@outlook.com,Noah,Jones,UK,London,EC1A,2025-05-23T04:43:47,active
C000598,amelia.williams@hotmail.com,Amelia,Williams,UK,Manchester,M1,2024-08-14T02:45:24,active
C000599,noah.eriksson@outlook.com,Noah,Eriksson,SE,Stockholm,11120,2022-06-01T10:05:44,active
C000600,gbianchi@gmail.com,Giulia,Bianchi,IT,Rome,00118,2022-12-31T16:02:27,active
C000601,martina.perez@outlook.com,Martina,Perez,ES,Madrid,28001,2022-10-22T19:41:01,active
C000602,hperez@gmail.com,Hugo,Perez,ES,Valencia,46001,2023-06-15T03:45:38,active
C000603,maja.zielinski@gmail.com,Maja,Zielinski,PL,Warsaw,00-001,2024-10-16T05:25:10,active
C000604,emily.williams@yahoo.co.uk,Emily,Williams,UK,London,EC1A,2023-11-07T14:14:52,active
C000605,tess.vandijk@ziggo.nl,Tess,van Dijk,NL,Utrecht,3511,2023-04-08T00:07:13,active
C000606,sofia.mueller@outlook.com,Sofia,Mueller,CH,Basel,4001,2025-01-01T13:04:04,active
C000607,luca.romano@outlook.com,Luca,Romano,IT,Turin,10121,2023-11-28T02:55:45,active
C000608,martina.gomez@yahoo.es,Martina,Gomez,ES,Madrid,28001,2024-02-26T06:57:15,active
C000609,gdavies594@outlook.com,George,Davies,UK,London,EC1A,2025-07-19T15:56:47,active
C000610,daan.mulder@outlook.com,Daan,Mulder,NL,Utrecht,3511,2023-09-23T18:11:34,active
C000611,olivia.smith@gmail.com,Olivia,Smith,UK,Manchester,M1,2022-04-25T12:17:45,active
C000612,mmarino@libero.it,Marco,Marino,IT,Rome,00118,2025-10-20T19:32:08,active
C000613,jonas.mueller@gmx.de,Jonas,Müller,DE,Hamburg,20095,2022-10-17T17:48:00,active
C000614,jsmith@gmail.com,Jack,Smith,UK,London,EC1A,2025-08-21T04:45:09,active
C000615,ndavies@gmail.com,Noah,Davies,UK,Birmingham,B1,2022-12-16T21:31:09,active
C000616,leo.moreau6596@orange.fr,Leo,Moreau,FR,Paris,75001,2022-05-10T07:22:40,active
C000617,jkaminski@gmail.com,Julia,Kaminski,PL,Warsaw,00-001,2022-04-04T21:35:36,active
C000618,chloe.petit@outlook.com,Chloe,Petit,FR,Paris,75001,2025-11-27T13:28:07,active
C000619,elias.mueller@outlook.com,Elias,Müller,DE,Berlin,10115,2022-07-24T23:01:03,active
C000620,paul.huber@gmx.at,Paul,Huber,AT,Vienna,1010,2022-01-15T06:31:56,active
C000621,ssanchez@hotmail.com,Sofia,Sanchez,ES,Valencia,46001,2024-09-01T04:37:12,active
C000622,oliwia.wojcik@wp.pl,Oliwia,Wojcik,PL,Warsaw,00-001,2025-06-04T01:22:11,active
C000623,daan.visser@gmail.com,Daan,Visser,NL,Rotterdam,3011,2024-05-07T00:09:59,active
C000624,sarah.bernard@outlook.com,Sarah,Bernard,FR,Marseille,13001,2024-01-12T19:39:02,active
C000625,william.eriksson7782@gmail.com,William,Eriksson,SE,Stockholm,11120,2023-02-01T04:06:09,active
C000626,lgarcia@hotmail.com,Lucia,Garcia,ES,Valencia,46001,2024-01-16T10:22:43,active
C000627,drossi@gmail.com,Davide,Rossi,IT,Milan,20100,2022-04-18T19:33:52,active
C000628,daan.vandijk@outlook.com,Daan,van Dijk,NL,Amsterdam,1012,2024-06-29T21:34:47,active
C000629,bfischer@gmx.de,Ben,Fischer,DE,Berlin,10115,2023-10-30T08:17:35,active
C000630,leon.keller@outlook.com,Leon,Keller,CH,Zurich,8001,2024-08-22T21:18:09,active
C000631,ldurand@orange.fr,Leo,Durand,FR,Paris,75001,2024-03-04T13:35:53,active
C000632,bweber@gmail.com,Ben,Weber,DE,Berlin,10115,2023-11-19T04:37:53,active
C000633,jonas.becker@outlook.com,Jonas,Becker,DE,Munich,80331,2024-05-06T06:13:59,active
C000634,jack.taylor@outlook.com,Jack,Taylor,UK,Birmingham,B1,2025-06-06T06:11:13,active
C000635,sarah.durand@outlook.com,Sarah,Durand,FR,Paris,75001,2025-04-26T17:14:21,active
C000636,lena.mayer@gmx.at,Lena,Mayer,AT,Vienna,1010,2023-11-02T15:48:37,active
C000637,jack.smith@gmail.com,Jack,Smith,UK,Manchester,M1,2022-04-01T01:27:30,active
C000638,alessia.ricci@gmail.com,Alessia,Ricci,IT,Turin,10121,2022-07-20T16:28:22,active
C000639,zofia.lewandowski@wp.pl,Zofia,Lewandowski,PL,Warsaw,00-001,2022-09-29T13:02:56,active
C000640,olivia.davies@gmail.com,Olivia,Davies,UK,Birmingham,B1,2023-09-17T05:53:27,active
C000641,harry.taylor7617@gmail.com,Harry,Taylor,UK,Birmingham,B1,2024-04-10T06:44:01,active
C000642,nfischer@outlook.com,Noah,Fischer,CH,Basel,4001,2023-11-13T19:19:48,active
C000643,liam.svensson@outlook.com,Liam,Svensson,SE,Malmo,21101,2023-03-01T02:56:51,active
C000644,esvensson@outlook.com,Elsa,Svensson,SE,Malmo,21101,2024-01-16T01:52:38,active
C000645,sophie.smit@gmail.com,Sophie,Smit,NL,Rotterdam,3011,2022-12-25T23:35:57,active
C000646,awisniewski@outlook.com,Antoni,Wisniewski,PL,Krakow,30-001,2023-05-04T19:38:50,active
C000647,liam.nilsson@outlook.com,Liam,Nilsson,SE,Malmo,21101,2023-04-07T11:40:03,active
C000648,tess.visser8225@gmail.com,Tess,Visser,NL,Amsterdam,1012,2022-05-10T13:34:25,active
C000649,lotte.mulder@ziggo.nl,Lotte,Mulder,NL,Rotterdam,3011,2024-07-14T22:36:29,active
C000650,noah.brown@outlook.com,Noah,Brown,UK,Manchester,M1,2022-06-28T02:55:08,active
C000651,jonas.schmidt@gmx.de,Jonas,Schmidt,DE,Berlin,10115,2023-07-20T04:04:43,active
C000652,hugo.leroy8880@outlook.com,Hugo,Leroy,FR,Marseille,13001,2022-02-16T10:40:26,active
C000653,davide.rossi8523@outlook.com,Davide,Rossi,IT,Rome,00118,2023-01-23T02:17:30,active
C000654,jakub.zielinski@outlook.com,Jakub,Zielinski,PL,Wroclaw,50-001,2025-09-25T19:18:09,active
C000655,jjansen@outlook.com,Jesse,Jansen,NL,Rotterdam,3011,2022-12-18T09:27:59,active
C000656,olivia.taylor@outlook.com,Olivia,Taylor,UK,Manchester,M1,2023-08-06T16:35:59,active
C000657,sofia.gonzalez684@outlook.com,Sofia,Gonzalez,ES,Madrid,28001,2025-11-19T05:35:17,active
C000658,sem.jansen@outlook.com,Sem,Jansen,NL,Amsterdam,1012,2025-02-25T01:15:46,active
C000659,nleroy@gmail.com,Nathan,Leroy,FR,Paris,75001,2024-12-28T10:58:46,active
C000660,dferrari@libero.it,Davide,Ferrari,IT,Rome,00118,2023-10-18T05:40:54,active
C000661,alicja.kaminski@wp.pl,Alicja,Kaminski,PL,Wroclaw,50-001,2023-08-29T17:15:16,active
C000662,diego.perez@gmail.com,Diego,Perez,ES,Barcelona,08001,2025-11-12T04:05:21,active
C000663,sarah.bernard@gmail.com,Sarah,Bernard,FR,Lyon,69001,2022-02-20T14:37:22,active
C000664,dsmit@ziggo.nl,Daan,Smit,NL,Amsterdam,1012,2025-05-30T23:20:58,active
C000665,emma.fischer@gmail.com,Emma,Fischer,DE,Berlin,10115,2022-06-21T19:36:10,active
C000666,emily.brown@gmail.com,Emily,Brown,UK,Manchester,M1,2023-10-13T21:57:38,active
C000667,george.johnson@gmail.com,George,Johnson,UK,London,EC1A,2024-05-25T13:27:28,active
C000668,ben.weber6819@web.de,Ben,Weber,DE,Munich,80331,2025-02-22T03:11:21,active
C000669,cpetit@gmail.com,Camille,Petit,FR,Paris,75001,2025-04-17T21:46:12,active
C000670,smeyer@gmx.de,Sofia,Meyer,DE,Berlin,10115,2025-04-24T13:40:53,active
C000671,sofia.sanchez@outlook.com,Sofia,Sanchez,ES,Madrid,28001,2025-02-12T16:49:30,active
C000672,lea.weber@web.de,Lea,Weber,DE,Hamburg,20095,2024-10-01T01:32:15,active
C000673,lmeyer@gmail.com,Luca,Meyer,CH,Basel,4001,2024-08-07T08:10:28,active
C000674,manon.durand@outlook.com,Manon,Durand,FR,Paris,75001,2025-09-01T10:28:27,active
C000675,oliver.smith@gmail.com,Oliver,Smith,UK,London,EC1A,2023-07-22T17:57:05,active
C000676,jakub.dabrowski@wp.pl,Jakub,Dabrowski,PL,Krakow,30-001,2025-03-04T15:52:36,active
C000677,hugo.martinez@outlook.com,Hugo,Martinez,ES,Valencia,46001,2025-03-24T00:38:19,active
C000678,julia.kaminski4477@wp.pl,Julia,Kaminski,PL,Krakow,30-001,2025-11-20T04:55:59,active
C000679,george.smith@gmail.com,George,Smith,UK,Manchester,M1,2023-08-21T19:16:57,active
C000680,emma.vandijk@outlook.com,Emma,van Dijk,NL,Utrecht,3511,2022-12-09T19:47:45,active
C000681,lweber@bluewin.ch,Luca,Weber,CH,Basel,4001,2025-11-30T13:11:56,active
C000682,sofia.rossi@outlook.com,Sofia,Rossi,IT,Milan,20100,2024-11-27T10:14:45,active
C000683,srusso@gmail.com,Sofia,Russo,IT,Milan,20100,2022-11-13T18:19:39,active
C000684,olivia.gustafsson@hotmail.se,Olivia,Gustafsson,SE,Malmo,21101,2024-12-12T19:22:22,active
C000685,oscar.olsson@gmail.com,Oscar,Olsson,SE,Gothenburg,41101,2022-06-06T04:14:38,active
C000686,mila.smit@outlook.com,Mila,Smit,NL,Amsterdam,1012,2024-06-24T21:45:35,active
C000687,mmartin@orange.fr,Manon,Martin,FR,Marseille,13001,2022-08-31T08:05:44,active
C000688,hugo.robert@outlook.com,Hugo,Robert,FR,Paris,75001,2023-03-06T04:44:27,active
C000689,hfernandez@gmail.com,Hugo,Fernandez,ES,Madrid,28001,2024-09-18T15:42:04,active
C000690,julia.schmid@gmail.com,Julia,Schmid,AT,Vienna,1010,2024-08-18T04:19:47,active
C000691,anna.huber@gmail.com,Anna,Huber,AT,Vienna,1010,2025-05-17T07:28:42,active
C000692,lucas.martin@outlook.com,Lucas,Martin,FR,Paris,75001,2022-10-26T10:05:56,active
C000693,cgreco@libero.it,Chiara,Greco,IT,Milan,20100,2024-10-31T20:45:41,active
C000694,onilsson@hotmail.se,Olivia,Nilsson,SE,Malmo,21101,2023-01-28T10:15:43,active
C000695,lukas.mayer@gmail.com,Lukas,Mayer,AT,Salzburg,5020,2024-08-30T13:20:33,active
C000696,djansen@gmail.com,Daan,Jansen,NL,Rotterdam,3011,2024-02-17T15:26:26,active
C000697,mrusso@outlook.com,Matteo,Russo,IT,Rome,00118,2022-08-14T18:55:21,active
C000698,cgarcia@hotmail.com,Carmen,Garcia,ES,Madrid,28001,2023-11-03T17:58:31,active
C000699,mila.deboer@outlook.com,Mila,de Boer,NL,Amsterdam,1012,2025-02-08T14:49:43,active
C000700,louis.durand8065@outlook.com,Louis,Durand,FR,Marseille,13001,2024-01-23T06:31:40,active
C000701,daan.vandijk@gmail.com,Daan,van Dijk,NL,Amsterdam,1012,2024-03-19T14:35:10,active
C000702,aandersson@outlook.com,Alice,Andersson,SE,Gothenburg,41101,2023-02-12T12:19:45,active
C000703,camille.durand6567@orange.fr,Camille,Durand,FR,Lyon,69001,2025-04-06T21:36:50,active
C000704,oliwia.zielinski@gmail.com,Oliwia,Zielinski,PL,Wroclaw,50-001,2023-07-26T05:21:56,active
C000705,ndurand@orange.fr,Nathan,Durand,FR,Paris,75001,2025-07-10T04:54:03,active
C000706,lukas.fischer@gmx.at,Lukas,Fischer,AT,Salzburg,5020,2022-02-24T06:31:14,active
C000707,francesca.greco@libero.it,Francesca,Greco,IT,Turin,10121,2022-07-17T02:47:09,active
C000708,hugo.nilsson@outlook.com,Hugo,Nilsson,SE,Gothenburg,41101,2025-09-17T18:07:40,active
C000709,alicja.szymanski6295@outlook.com,Alicja,Szymanski,PL,Warsaw,00-001,2022-03-06T15:40:14,active
C000710,sophie.devries8062@outlook.com,Sophie,de Vries,NL,Amsterdam,1012,2025-02-14T11:02:00,active
C000711,alvaro.fernandez7807@outlook.com,Alvaro,Fernandez,ES,Valencia,46001,2025-10-14T17:51:37,active
C000712,tess.visser4670@gmail.com,Tess,Visser,NL,Rotterdam,3011,2025-04-25T13:45:18,active
C000713,julia.kaminski@wp.pl,Julia,Kaminski,PL,Krakow,30-001,2025-04-10T00:58:45,active
C000714,luca.colombo@libero.it,Luca,Colombo,IT,Rome,00118,2024-01-02T14:59:52,active
C000715,noah.weber@gmail.com,Noah,Weber,DE,Hamburg,20095,2022-06-23T02:23:05,active
C000716,giulia.marino9316@outlook.com,Giulia,Marino,IT,Rome,00118,2022-03-18T16:46:52,active
C000717,pschaefer9390@gmx.de,Paul,Schäfer,DE,Berlin,10115,2023-10-11T13:45:10,active
C000718,hrichard@outlook.com,Hugo,Richard,FR,Lyon,69001,2024-10-26T12:21:44,active
C000719,alessia.esposito3517@gmail.com,Alessia,Esposito,IT,Rome,00118,2025-07-25T02:44:32,active
C000720,elias.wagner@gmail.com,Elias,Wagner,DE,Berlin,10115,2025-07-03T03:20:53,active
C000721,maja.kowalski@outlook.com,Maja,Kowalski,PL,Wroclaw,50-001,2024-12-23T17:18:14,active
C000722,maja.svensson@outlook.com,Maja,Svensson,SE,Gothenburg,41101,2024-06-05T19:39:32,active
C000723,amarino@gmail.com,Andrea,Marino,IT,Rome,00118,2025-10-07T19:56:10,active
C000724,carmen.gonzalez4399@yahoo.es,Carmen,Gonzalez,ES,Valencia,46001,2024-10-19T07:45:12,active
C000725,opatel@outlook.com,Olivia,Patel,UK,London,EC1A,2024-01-17T16:50:19,active
C000726,maja.olsson@outlook.com,Maja,Olsson,SE,Gothenburg,41101,2023-10-15T02:20:44,active
C000727,eschneider@outlook.com,Emma,Schneider,DE,Munich,80331,2025-11-07T21:53:24,active
C000728,hugo.martin@outlook.com,Hugo,Martin,FR,Paris,75001,2023-09-28T16:53:58,active
C000729,gesposito@outlook.com,Giulia,Esposito,IT,Milan,20100,2023-07-13T04:58:02,active
C000730,mgarcia@gmail.com,Martina,Garcia,ES,Valencia,46001,2024-09-22T00:43:29,active
C000731,francesca.russo@outlook.com,Francesca,Russo,IT,Rome,00118,2024-01-15T23:56:10,active
C000732,amelia.brown@hotmail.com,Amelia,Brown,UK,London,EC1A,2025-03-15T18:12:48,active
C000733,daan.bakker6398@ziggo.nl,Daan,Bakker,NL,Utrecht,3511,2022-09-08T11:24:39,active
C000734,lfischer@web.de,Lea,Fischer,DE,Berlin,10115,2022-08-07T06:22:37,active
C000735,mila.degroot@gmail.com,Mila,de Groot,NL,Amsterdam,1012,2024-10-01T19:25:22,active
C000736,alessia.ricci5957@outlook.com,Alessia,Ricci,IT,Turin,10121,2023-05-20T10:06:43,active
C000737,lina.steiner@bluewin.ch,Lina,Steiner,CH,Zurich,8001,2025-09-18T01:59:26,active
C000738,sofia.wagner@gmail.com,Sofia,Wagner,DE,Munich,80331,2025-08-01T13:12:40,active
C000739,antoni.zielinski@outlook.com,Antoni,Zielinski,PL,Krakow,30-001,2022-01-17T14:18:28,active
C000740,noah.weber@gmx.de,Noah,Weber,DE,Berlin,10115,2022-11-25T15:58:40,active
C000741,maja.andersson@outlook.com,Maja,Andersson,SE,Gothenburg,41101,2024-08-22T15:02:07,active
C000742,hgonzalez@yahoo.es,Hugo,Gonzalez,ES,Valencia,46001,2023-06-19T18:26:06,active
C000743,alicja.kaminski3020@wp.pl,Alicja,Kaminski,PL,Krakow,30-001,2025-11-24T00:59:44,active
C000744,camille.thomas@gmail.com,Camille,Thomas,FR,Marseille,13001,2023-09-18T11:25:20,active
C000745,sarah.dubois@outlook.com,Sarah,Dubois,FR,Marseille,13001,2025-11-05T14:56:20,active
C000746,emma.visser@outlook.com,Emma,Visser,NL,Amsterdam,1012,2025-11-08T21:35:28,active
C000747,lea.meyer@outlook.com,Lea,Meyer,DE,Berlin,10115,2024-03-16T13:44:16,active
C000748,aweber@gmail.com,Anna,Weber,AT,Salzburg,5020,2025-06-07T22:48:53,active
C000749,oliver.williams@yahoo.co.uk,Oliver,Williams,UK,Birmingham,B1,2022-12-12T01:48:45,active
C000750,jkowalski@wp.pl,Julia,Kowalski,PL,Krakow,30-001,2022-12-15T20:39:09,active
C000751,szielinski@outlook.com,Szymon,Zielinski,PL,Warsaw,00-001,2023-04-05T07:23:46,active
C000752,paul.wagner@web.de,Paul,Wagner,DE,Berlin,10115,2024-06-02T07:31:20,active
C000753,wolsson@outlook.com,William,Olsson,SE,Stockholm,11120,2024-04-16T05:18:49,active
C000754,paul.fischer@gmail.com,Paul,Fischer,DE,Munich,80331,2025-04-08T23:33:54,active
C000755,sem.meijer@ziggo.nl,Sem,Meijer,NL,Utrecht,3511,2023-03-11T13:57:45,active
C000756,jan.kowalski@gmail.com,Jan,Kowalski,PL,Wroclaw,50-001,2022-05-01T01:53:50,active
C000757,sem.degroot6251@outlook.com,Sem,de Groot,NL,Utrecht,3511,2025-05-10T01:39:25,active
C000758,martina.gomez5567@outlook.com,Martina,Gomez,ES,Madrid,28001,2025-04-03T06:31:50,active
C000759,sarah.petit@gmail.com,Sarah,Petit,FR,Paris,75001,2023-06-18T04:15:14,active
C000760,mila.smit8480@gmail.com,Mila,Smit,NL,Rotterdam,3011,2023-08-03T09:35:00,active
C000761,davide.ferrari@gmail.com,Davide,Ferrari,IT,Turin,10121,2025-09-08T23:10:47,active
C000762,emma.thomas7663@outlook.com,Emma,Thomas,FR,Paris,75001,2022-03-15T17:07:16,active
C000763,fweber@gmx.at,Felix,Weber,AT,Graz,8010,2024-07-26T17:56:56,active
C000764,nhuber@gmail.com,Noah,Huber,CH,Zurich,8001,2023-02-22T10:20:39,active
C000765,maja.gustafsson@gmail.com,Maja,Gustafsson,SE,Malmo,21101,2025-04-14T07:43:59,active
C000766,kacper.wisniewski1555@gmail.com,Kacper,Wisniewski,PL,Krakow,30-001,2022-06-07T08:57:44,active
C000767,jwagner483@gmx.de,Jonas,Wagner,DE,Munich,80331,2025-04-24T03:51:42,active
C000768,mila.degroot7433@ziggo.nl,Mila,de Groot,NL,Utrecht,3511,2022-01-12T11:59:38,active
C000769,jack.taylor1168@yahoo.co.uk,Jack,Taylor,UK,London,EC1A,2022-04-10T23:26:03,active
C000770,mdubois@gmail.com,Manon,Dubois,FR,Paris,75001,2024-03-27T03:14:50,active
C000771,crobert@outlook.com,Camille,Robert,FR,Marseille,13001,2025-09-01T05:36:42,active
C000772,maja.gustafsson@hotmail.se,Maja,Gustafsson,SE,Stockholm,11120,2024-01-06T03:29:57,active
C000773,paul.wagner6932@outlook.com,Paul,Wagner,DE,Munich,80331,2023-07-04T20:30:01,active
C000774,tess.vandijk3683@ziggo.nl,Tess,van Dijk,NL,Amsterdam,1012,2024-11-17T12:26:33,active
C000775,nleroy@outlook.com,Nathan,Leroy,FR,Marseille,13001,2025-08-18T19:06:10,active
C000776,finn.visser@ziggo.nl,Finn,Visser,NL,Amsterdam,1012,2022-09-19T10:56:15,active
C000777,andrea.rossi@libero.it,Andrea,Rossi,IT,Turin,10121,2022-06-06T01:38:30,active
C000778,luca.ricci@libero.it,Luca,Ricci,IT,Turin,10121,2025-03-10T09:13:31,active
C000779,smartin@gmail.com,Sarah,Martin,FR,Paris,75001,2025-09-16T16:51:10,active
C000780,lina.mueller7381@outlook.com,Lina,Mueller,CH,Geneva,1201,2023-09-02T11:25:49,active
C000781,sofia.esposito@libero.it,Sofia,Esposito,IT,Milan,20100,2022-06-10T21:59:34,active
C000782,smartin@orange.fr,Sarah,Martin,FR,Paris,75001,2024-03-19T04:14:53,active
C000783,tess.degroot@ziggo.nl,Tess,de Groot,NL,Utrecht,3511,2024-09-23T11:01:28,active
C000784,abianchi@gmail.com,Alessia,Bianchi,IT,Milan,20100,2022-09-14T04:55:09,active
C000785,lmeier@gmail.com,Lea,Meier,CH,Zurich,8001,2024-09-12T23:36:56,active
C000786,lbakker@outlook.com,Lotte,Bakker,NL,Amsterdam,1012,2023-09-09T16:52:22,active
C000787,sophie.wagner@outlook.com,Sophie,Wagner,AT,Salzburg,5020,2024-06-30T17:39:36,active
C000788,antoni.kowalczyk@gmail.com,Antoni,Kowalczyk,PL,Wroclaw,50-001,2024-03-13T01:51:14,active
C000789,paula.sanchez@hotmail.com,Paula,Sanchez,ES,Barcelona,08001,2025-03-31T21:41:37,active
C000790,lena.fischer3809@gmx.at,Lena,Fischer,AT,Salzburg,5020,2025-04-25T22:15:49,active
C000791,tobias.bauer@outlook.com,Tobias,Bauer,AT,Salzburg,5020,2022-05-11T09:45:07,active
C000792,noah.davies@yahoo.co.uk,Noah,Davies,UK,Birmingham,B1,2025-08-16T12:37:31,active
C000793,mmayer@gmail.com,Marie,Mayer,AT,Graz,8010,2023-12-06T15:57:04,active
C000794,jdabrowski@outlook.com,Jakub,Dabrowski,PL,Wroclaw,50-001,2025-09-07T17:03:22,active
C000795,paula.sanchez@outlook.com,Paula,Sanchez,ES,Valencia,46001,2025-08-29T13:06:59,active
C000796,sfernandez@outlook.com,Sofia,Fernandez,ES,Valencia,46001,2024-09-15T04:42:00,active
C000797,hsanchez@gmail.com,Hugo,Sanchez,ES,Barcelona,08001,2023-09-14T08:32:45,active
C000798,gwilliams@gmail.com,George,Williams,UK,Manchester,M1,2025-10-18T05:46:28,active
C000799,nolsson@gmail.com,Noah,Olsson,SE,Stockholm,11120,2025-06-18T08:15:12,active
C000800,sem.smit@ziggo.nl,Sem,Smit,NL,Amsterdam,1012,2025-02-14T09:44:20,active
